dteday,counts,casual,weather,registered,season,weekday,windspeed,temp,atemp,hum,high_casual
2011-01-01,985,331,3,654,1,6,0.1604458333333333,0.34416666666666673,0.36362500000000003,0.8058333333333335,1
2011-01-02,801,131,3,670,1,0,0.24853913043478262,0.36347826086956525,0.35373913043478267,0.6960869565217392,0
2011-01-03,1349,120,1,1229,1,1,0.2483090909090908,0.19636363636363632,0.18940454545454546,0.43727272727272726,0
2011-01-04,1562,108,2,1454,1,2,0.160295652173913,0.19999999999999998,0.21212173913043478,0.5904347826086958,0
2011-01-05,1600,82,1,1518,1,3,0.1869,0.22695652173913042,0.2292695652173913,0.4369565217391305,0
2011-01-06,1606,88,2,1518,1,4,0.08956521739130435,0.20434782608695654,0.23320869565217398,0.5182608695652174,0
2011-01-07,1510,148,3,1362,1,5,0.16872608695652172,0.19652173913043483,0.2088391304347826,0.4986956521739131,0
2011-01-08,959,68,3,891,1,6,0.2668041666666667,0.16500000000000006,0.16225416666666667,0.5358333333333333,0
2011-01-09,822,54,1,768,1,0,0.36195000000000005,0.1383333333333334,0.11617500000000003,0.4341666666666668,0
2011-01-10,1321,41,2,1280,1,1,0.2232666666666666,0.1508333333333334,0.1508875,0.4829166666666667,0
2011-01-11,1263,43,3,1220,1,2,0.12213181818181815,0.16909090909090915,0.19146363636363636,0.6863636363636362,0
2011-01-12,1162,25,2,1137,1,3,0.3046272727272728,0.17272727272727278,0.1604727272727273,0.5995454545454547,0
2011-01-13,1406,38,2,1368,1,4,0.301,0.16500000000000006,0.15088333333333334,0.47041666666666687,0
2011-01-14,1421,54,2,1367,1,5,0.12654782608695653,0.16086956521739135,0.18841304347826088,0.5378260869565218,0
2011-01-15,1248,222,2,1026,1,6,0.15796249999999995,0.2333333333333333,0.24811249999999999,0.49874999999999997,1
2011-01-16,1204,251,2,953,1,0,0.1884333333333333,0.2316666666666667,0.2342166666666667,0.4837500000000001,1
2011-01-17,1000,117,3,883,1,1,0.19401666666666664,0.1758333333333334,0.17677083333333332,0.5375,0
2011-01-18,683,9,2,674,1,2,0.14677500000000002,0.2166666666666667,0.23233333333333336,0.8616666666666667,0
2011-01-19,1650,78,3,1572,1,3,0.20831739130434784,0.2921739130434783,0.2984217391304348,0.7417391304347823,0
2011-01-20,1927,83,2,1844,1,4,0.19590416666666666,0.26166666666666666,0.25505,0.5383333333333334,0
2011-01-21,1543,75,3,1468,1,5,0.3532416666666667,0.17750000000000002,0.15783333333333335,0.45708333333333345,0
2011-01-22,981,93,2,888,1,6,0.1719695652173913,0.0591304347826087,0.07906956521739131,0.39999999999999997,0
2011-01-23,986,150,2,836,1,0,0.24660000000000004,0.0965217391304348,0.09883913043478262,0.43652173913043485,0
2011-01-24,1416,86,2,1330,1,1,0.15833043478260866,0.09739130434782611,0.11793043478260871,0.49173913043478273,0
2011-01-25,1985,186,2,1799,1,2,0.12979565217391303,0.22347826086956515,0.23452608695652166,0.6169565217391305,0
2011-01-26,506,34,4,472,1,3,0.29385000000000006,0.21750000000000005,0.2036,0.8624999999999998,0
2011-01-27,431,15,1,416,1,4,0.11383750000000001,0.19499999999999998,0.2197,0.6875,0
2011-01-28,1167,38,3,1129,1,5,0.12330000000000002,0.20347826086956528,0.2233173913043478,0.7930434782608696,0
2011-01-29,1098,123,2,975,1,6,0.1453652173913043,0.1965217391304348,0.2121260869565218,0.6517391304347825,0
2011-01-30,1096,140,2,956,1,0,0.07398260869565217,0.21652173913043476,0.25032173913043476,0.7221739130434782,0
2011-01-31,1501,42,3,1459,1,1,0.18719166666666665,0.18083333333333337,0.18625000000000003,0.60375,0
2011-02-01,1360,47,3,1313,1,2,0.053213043478260856,0.1921739130434783,0.23453043478260868,0.8295652173913044,0
2011-02-02,1526,72,3,1454,1,3,0.2643083333333333,0.26,0.2544166666666667,0.7754166666666666,0
2011-02-03,1550,61,1,1489,1,4,0.27775217391304347,0.1869565217391305,0.1778782608695652,0.4378260869565219,0
2011-02-04,1708,88,2,1620,1,5,0.12783913043478262,0.211304347826087,0.2285869565217391,0.5852173913043478,0
2011-02-05,1005,100,3,905,1,6,0.16107916666666666,0.23333333333333336,0.24305833333333335,0.9291666666666667,0
2011-02-06,1623,354,1,1269,1,0,0.14179999999999995,0.28583333333333333,0.2916708333333332,0.5683333333333335,1
2011-02-07,1712,120,2,1592,1,1,0.04540833333333333,0.27166666666666667,0.30365833333333336,0.7383333333333332,0
2011-02-08,1530,64,3,1466,1,2,0.36195,0.2208333333333334,0.19824583333333332,0.5379166666666667,0
2011-02-09,1605,53,3,1552,1,3,0.18883913043478256,0.1347826086956522,0.14428260869565218,0.4947826086956522,0
2011-02-10,1538,47,3,1491,1,4,0.22193478260869562,0.14434782608695657,0.14954782608695652,0.437391304347826,0
2011-02-11,1746,149,1,1597,1,5,0.10855000000000001,0.1890909090909091,0.2135090909090909,0.5063636363636363,0
2011-02-12,1472,288,1,1184,1,6,0.20336666666666667,0.22249999999999995,0.23295416666666666,0.5441666666666667,1
2011-02-13,1589,397,2,1192,1,0,0.26088260869565216,0.31652173913043485,0.324113043478261,0.45739130434782593,1
2011-02-14,1913,208,1,1705,1,1,0.4179083333333333,0.415,0.39835,0.3758333333333334,0
2011-02-15,1815,140,2,1675,1,2,0.29137391304347826,0.26608695652173914,0.25427391304347824,0.31434782608695655,0
2011-02-16,2115,218,2,1897,1,3,0.2517913043478261,0.3182608695652174,0.31620000000000004,0.42347826086956525,0
2011-02-17,2475,259,2,2216,1,4,0.23010416666666664,0.43583333333333335,0.4286583333333333,0.505,0
2011-02-18,2927,579,2,2348,1,5,0.264925,0.5216666666666666,0.5119833333333333,0.5166666666666665,1
2011-02-19,1635,532,1,1103,1,6,0.5074625,0.3991666666666667,0.3914041666666667,0.18791666666666665,1
2011-02-20,1812,639,2,1173,1,0,0.2232347826086956,0.28521739130434776,0.27733043478260866,0.40782608695652167,1
2011-02-21,1107,195,3,912,1,1,0.3078458333333333,0.3033333333333334,0.284075,0.6049999999999999,1
2011-02-22,1450,74,2,1376,1,2,0.19568333333333332,0.18222222222222229,0.18603333333333336,0.577777777777778,0
2011-02-23,1917,139,1,1778,1,3,0.09411304347826085,0.2217391304347826,0.2457173913043478,0.4230434782608697,0
2011-02-24,1807,100,3,1707,1,4,0.25049565217391306,0.29565217391304344,0.2891913043478261,0.6973913043478259,0
2011-02-25,1461,120,3,1341,1,5,0.34653913043478257,0.36434782608695654,0.3504608695652173,0.7121739130434782,0
2011-02-26,1969,424,2,1545,1,6,0.18657083333333332,0.28250000000000003,0.28219166666666673,0.5379166666666667,1
2011-02-27,2402,694,2,1708,1,0,0.12524782608695653,0.3434782608695653,0.351108695652174,0.6799999999999998,1
2011-02-28,1446,81,3,1365,1,1,0.2896863636363637,0.4072727272727273,0.4001181818181819,0.8763636363636362,0
2011-03-01,1851,137,1,1714,1,2,0.21642499999999995,0.26666666666666666,0.2638791666666666,0.5349999999999999,0
2011-03-02,2134,231,1,1903,1,3,0.30783333333333335,0.335,0.32007083333333336,0.4495833333333333,0
2011-03-03,1685,123,2,1562,1,4,0.22575416666666662,0.19833333333333336,0.20013333333333336,0.3183333333333334,0
2011-03-04,1944,214,2,1730,1,5,0.20334583333333334,0.2616666666666666,0.2556791666666666,0.6104166666666666,0
2011-03-05,2077,640,2,1437,1,6,0.2518708333333333,0.3841666666666666,0.3787791666666667,0.7891666666666666,1
2011-03-06,605,114,3,491,1,0,0.3432869565217392,0.37652173913043485,0.3662521739130435,0.9482608695652174,1
2011-03-07,1872,244,3,1628,1,1,0.34135217391304346,0.26173913043478253,0.23846086956521742,0.551304347826087,0
2011-03-08,2133,316,2,1817,1,2,0.12064999999999998,0.2925,0.3024,0.42083333333333334,0
2011-03-09,1891,191,3,1700,1,3,0.22015000000000004,0.29583333333333334,0.28660833333333335,0.7754166666666666,0
2011-03-10,623,46,3,577,1,4,0.2618772727272727,0.3890909090909092,0.3856681818181818,0.0,0
2011-03-11,1977,247,3,1730,1,5,0.23296956521739134,0.31652173913043474,0.30499999999999994,0.6495652173913044,0
2011-03-12,2132,724,1,1408,1,6,0.22077499999999997,0.32916666666666666,0.32575000000000004,0.5945833333333334,1
2011-03-13,2417,982,1,1435,1,0,0.270604347826087,0.3843478260869566,0.3800913043478262,0.5273913043478262,1
2011-03-14,2046,359,2,1687,1,1,0.13692608695652173,0.32521739130434785,0.332,0.4969565217391305,1
2011-03-15,2056,289,3,1767,1,2,0.1843086956521739,0.31739130434782614,0.31817826086956524,0.6556521739130435,0
2011-03-16,2192,321,3,1871,1,3,0.20311739130434778,0.36521739130434794,0.3669304347826087,0.7765217391304347,0
2011-03-17,2744,424,2,2320,1,4,0.20957916666666665,0.415,0.41033333333333344,0.6029166666666665,0
2011-03-18,3239,884,2,2355,1,5,0.2310173913043478,0.5399999999999998,0.5270086956521739,0.5252173913043479,1
2011-03-19,3117,1424,2,1693,1,6,0.36816666666666675,0.4725000000000001,0.46652500000000013,0.3791666666666666,1
2011-03-20,2471,1047,3,1424,1,0,0.20772083333333333,0.3325,0.32575000000000004,0.4737499999999999,1
2011-03-21,2077,401,3,1676,2,1,0.28878260869565225,0.4304347826086957,0.40973478260869556,0.7373913043478261,1
2011-03-22,2703,460,2,2243,2,2,0.22575000000000003,0.44166666666666665,0.44064166666666665,0.6245833333333333,1
2011-03-23,2121,203,3,1918,2,3,0.23426086956521738,0.3469565217391305,0.3379391304347827,0.8395652173913042,0
2011-03-24,1865,166,3,1699,2,4,0.24378749999999996,0.2849999999999999,0.2708333333333333,0.8058333333333328,0
2011-03-25,2210,300,2,1910,2,5,0.23072499999999999,0.2641666666666666,0.25631249999999994,0.4950000000000001,0
2011-03-26,2496,981,2,1515,2,6,0.20957083333333335,0.26583333333333337,0.25757083333333336,0.3941666666666667,1
2011-03-27,1693,472,3,1221,2,0,0.1843,0.2530434782608695,0.25033913043478256,0.49391304347826087,1
2011-03-28,2028,222,2,1806,2,1,0.21220434782608688,0.2643478260869565,0.25757391304347826,0.30217391304347824,0
2011-03-29,2425,317,2,2108,2,2,0.22699583333333337,0.30250000000000005,0.2929083333333333,0.31416666666666676,0
2011-03-30,1536,168,3,1368,2,3,0.17288749999999997,0.30000000000000004,0.29735000000000006,0.6466666666666666,0
2011-03-31,1685,179,3,1506,2,4,0.2176458333333333,0.2683333333333333,0.257575,0.9183333333333331,0
2011-04-01,2227,307,3,1920,2,5,0.2587083333333334,0.3,0.2834541666666667,0.6862500000000001,0
2011-04-02,2252,898,3,1354,2,6,0.19714583333333335,0.315,0.31563750000000007,0.6537499999999999,1
2011-04-03,3249,1651,3,1598,2,0,0.18221249999999997,0.37833333333333335,0.37876666666666675,0.48,1
2011-04-04,3115,734,2,2381,2,1,0.38557083333333336,0.5733333333333333,0.5429291666666667,0.4262500000000002,1
2011-04-05,1795,167,3,1628,2,2,0.3880666666666666,0.41416666666666674,0.39835000000000004,0.6420833333333336,0
2011-04-06,2808,413,1,2395,2,3,0.26306250000000003,0.39083333333333337,0.3876083333333333,0.4708333333333334,0
2011-04-07,3141,571,2,2570,2,4,0.16231249999999994,0.4375,0.43369583333333334,0.6029166666666667,1
2011-04-08,1471,172,3,1299,2,5,0.22699166666666662,0.3358333333333334,0.3244791666666667,0.8362499999999998,0
2011-04-09,2455,879,3,1576,2,6,0.13308333333333333,0.3425,0.34152916666666666,0.8775,1
2011-04-10,2895,1188,2,1707,2,0,0.14676666666666668,0.4266666666666667,0.42673749999999994,0.8574999999999999,1
2011-04-11,3348,855,3,2493,2,1,0.3244739130434783,0.5956521739130435,0.5652173913043478,0.7169565217391305,1
2011-04-12,2034,257,3,1777,2,2,0.2748791666666666,0.5025000000000001,0.4930541666666668,0.7391666666666667,0
2011-04-13,2162,209,3,1953,2,3,0.25061666666666665,0.41250000000000003,0.41728333333333345,0.8191666666666668,0
2011-04-14,3267,529,1,2738,2,4,0.11069999999999997,0.4675000000000001,0.4627416666666666,0.5404166666666667,0
2011-04-15,3126,642,2,2484,2,5,0.226375,0.4466666666666667,0.4419125000000001,0.67125,1
2011-04-16,795,121,3,674,2,6,0.3408083333333333,0.4308333333333332,0.42549166666666666,0.8883333333333336,0
2011-04-17,3744,1558,2,2186,2,0,0.3034958333333333,0.4566666666666667,0.44569583333333335,0.4795833333333335,1
2011-04-18,3429,669,2,2760,2,1,0.16356666666666667,0.5125000000000001,0.5031458333333334,0.5425000000000001,1
2011-04-19,3204,409,3,2795,2,2,0.1579708333333333,0.5058333333333334,0.48925833333333335,0.6658333333333334,0
2011-04-20,3944,613,2,3331,2,3,0.24192500000000003,0.5949999999999999,0.5643916666666667,0.6141666666666665,0
2011-04-21,4189,745,2,3444,2,4,0.3252583333333333,0.45916666666666667,0.45389166666666675,0.40708333333333346,1
2011-04-22,1683,177,3,1506,2,5,0.21952083333333336,0.33666666666666667,0.3219541666666667,0.7295833333333333,0
2011-04-23,4036,1462,3,2574,2,6,0.23072500000000004,0.45999999999999996,0.45012083333333336,0.8879166666666666,1
2011-04-24,4191,1710,3,2481,2,0,0.19217499999999998,0.5816666666666666,0.5517625,0.8108333333333334,1
2011-04-25,4073,773,3,3300,2,1,0.18533333333333332,0.6066666666666666,0.5745,0.7766666666666668,1
2011-04-26,4400,678,2,3722,2,2,0.3265,0.6316666666666666,0.5940833333333334,0.7291666666666665,0
2011-04-27,3872,547,3,3325,2,3,0.3121999999999999,0.6199999999999998,0.5751416666666667,0.8354166666666664,0
2011-04-28,4058,569,3,3489,2,4,0.3209083333333333,0.6174999999999998,0.5789291666666666,0.7008333333333335,0
2011-04-29,4595,878,2,3717,2,5,0.24006249999999996,0.5100000000000001,0.4974625,0.45708333333333345,1
2011-04-30,5312,1965,2,3347,2,6,0.2350749999999999,0.47249999999999986,0.46402083333333327,0.5033333333333332,1
2011-05-01,3351,1138,2,2213,2,0,0.10635416666666665,0.4516666666666669,0.4482041666666665,0.7620833333333334,1
2011-05-02,4401,847,2,3554,2,1,0.1834541666666666,0.5491666666666667,0.5328333333333332,0.7299999999999999,1
2011-05-03,4451,603,2,3848,2,2,0.3426666666666667,0.6166666666666666,0.5820791666666668,0.6970833333333334,0
2011-05-04,2633,255,3,2378,2,3,0.3289958333333334,0.41416666666666674,0.40465,0.7370833333333332,0
2011-05-05,4433,614,1,3819,2,4,0.29539166666666666,0.4591666666666668,0.44191666666666657,0.44416666666666665,0
2011-05-06,4608,894,3,3714,2,5,0.22824583333333334,0.4791666666666666,0.4741166666666666,0.5900000000000002,1
2011-05-07,4714,1612,3,3102,2,6,0.16044999999999998,0.52,0.5126208333333334,0.54125,1
2011-05-08,4333,1401,3,2932,2,0,0.0746375,0.5283333333333333,0.5189333333333334,0.6316666666666669,1
2011-05-09,4362,664,1,3698,2,1,0.17599999999999996,0.5324999999999999,0.5252458333333333,0.58875,0
2011-05-10,4803,694,2,4109,2,2,0.11567083333333333,0.5325000000000001,0.5227208333333334,0.4891666666666666,0
2011-05-11,4182,550,2,3632,2,3,0.12064166666666665,0.5425,0.5284,0.6329166666666667,0
2011-05-12,4864,695,2,4169,2,4,0.18966666666666662,0.535,0.5233625,0.7474999999999997,0
2011-05-13,4105,692,3,3413,2,5,0.17972500000000002,0.5124999999999998,0.49429999999999996,0.8633333333333332,1
2011-05-14,3409,902,3,2507,2,6,0.13495000000000001,0.5208333333333331,0.5006291666666667,0.9225,1
2011-05-15,4553,1582,3,2971,2,0,0.15297916666666664,0.5625000000000001,0.536,0.867083333333333,1
2011-05-16,3958,773,3,3185,2,1,0.1268708333333333,0.5775,0.5505125000000001,0.7879166666666665,1
2011-05-17,4123,678,3,3445,2,2,0.27735416666666673,0.5616666666666665,0.5385291666666666,0.8379166666666665,0
2011-05-18,3855,536,3,3319,2,3,0.2014916666666666,0.55,0.5271583333333334,0.8699999999999998,0
2011-05-19,4575,735,3,3840,2,4,0.1082125,0.5308333333333334,0.5107416666666668,0.8295833333333335,0
2011-05-20,4917,909,3,4008,2,5,0.1250125,0.5366666666666666,0.5290416666666667,0.7195833333333334,1
2011-05-21,5805,2258,2,3547,2,6,0.12065000000000002,0.6024999999999999,0.571975,0.6266666666666665,1
2011-05-22,4660,1576,3,3084,2,0,0.14800833333333333,0.6041666666666666,0.5745,0.7495833333333329,1
2011-05-23,4274,836,3,3438,2,1,0.2338416666666667,0.6316666666666667,0.5902958333333332,0.8099999999999999,1
2011-05-24,4492,659,3,3833,2,2,0.20709166666666665,0.6599999999999999,0.6048124999999999,0.7408333333333332,0
2011-05-25,4978,740,3,4238,2,3,0.1542333333333333,0.6608333333333334,0.6155416666666667,0.6962499999999999,0
2011-05-26,4677,758,2,3919,2,4,0.19964166666666663,0.7083333333333335,0.6546875000000001,0.6775000000000001,0
2011-05-27,4679,871,3,3808,2,5,0.24067916666666664,0.6816666666666665,0.6370083333333331,0.65375,1
2011-05-28,4758,2001,1,2757,2,6,0.2300916666666666,0.6558333333333334,0.6123791666666666,0.7295833333333334,1
2011-05-29,4788,2355,2,2433,2,0,0.21393749999999997,0.6675000000000001,0.6155499999999998,0.8187499999999998,1
2011-05-30,4098,1549,2,2549,2,1,0.131225,0.7333333333333333,0.6710916666666668,0.685,1
2011-05-31,3982,673,2,3309,2,2,0.11132916666666666,0.7749999999999999,0.7253833333333333,0.6366666666666666,1
2011-06-01,3974,513,3,3461,2,3,0.2070916666666666,0.7641666666666663,0.7209666666666664,0.6770833333333334,0
2011-06-02,4968,736,1,4232,2,4,0.2922875,0.7150000000000002,0.6439416666666667,0.305,0
2011-06-03,5312,898,2,4414,2,5,0.2531208333333333,0.62,0.5871333333333333,0.35416666666666674,1
2011-06-04,5342,1869,2,3473,2,6,0.12314166666666665,0.6350000000000001,0.5946958333333334,0.4562500000000001,1
2011-06-05,4906,1685,2,3221,2,0,0.13869166666666669,0.6483333333333333,0.6168041666666667,0.6525,1
2011-06-06,4548,673,1,3875,2,1,0.12189583333333333,0.6783333333333332,0.6218583333333334,0.5999999999999999,0
2011-06-07,4833,763,2,4070,2,2,0.18780833333333327,0.7075,0.6559499999999998,0.5979166666666668,0
2011-06-08,4401,676,1,3725,2,3,0.13681666666666667,0.7758333333333335,0.7272791666666666,0.6220833333333334,0
2011-06-09,3915,563,3,3352,2,4,0.14988333333333334,0.8083333333333332,0.7575791666666665,0.5683333333333334,0
2011-06-10,4586,815,3,3771,2,5,0.14055416666666667,0.7549999999999999,0.7032916666666668,0.605,1
2011-06-11,4966,1729,2,3237,2,6,0.15484999999999996,0.7250000000000001,0.6780375,0.6545833333333334,1
2011-06-12,4460,1467,3,2993,2,0,0.16356666666666667,0.6924999999999999,0.6433249999999999,0.7479166666666668,1
2011-06-13,5020,863,1,4157,2,1,0.30535000000000007,0.6349999999999999,0.6016541666666667,0.4945833333333334,1
2011-06-14,4891,727,3,4164,2,2,0.2692833333333333,0.6041666666666667,0.5915458333333333,0.5070833333333333,0
2011-06-15,5180,769,1,4411,2,3,0.16791250000000002,0.6266666666666666,0.5877541666666667,0.4716666666666666,0
2011-06-16,3767,545,3,3222,2,4,0.2064708333333333,0.6283333333333333,0.5953458333333331,0.6883333333333334,0
2011-06-17,4844,863,3,3981,2,5,0.14302916666666665,0.6491666666666666,0.600383333333333,0.7358333333333332,1
2011-06-18,5119,1807,2,3312,2,6,0.11940833333333334,0.6966666666666667,0.6439541666666665,0.6704166666666667,1
2011-06-19,4744,1639,3,3105,2,0,0.102,0.6991666666666667,0.6458458333333333,0.6666666666666666,1
2011-06-20,4010,699,3,3311,2,1,0.155475,0.6349999999999999,0.5953458333333334,0.74625,1
2011-06-21,4835,774,3,4061,3,2,0.17102499999999998,0.6808333333333333,0.6376458333333334,0.7704166666666664,0
2011-06-22,4507,661,2,3846,3,3,0.17226249999999999,0.7333333333333334,0.6938291666666666,0.7074999999999999,0
2011-06-23,4790,746,3,4044,3,4,0.23880416666666662,0.7283333333333334,0.6938333333333332,0.7033333333333331,0
2011-06-24,4991,969,2,4022,3,5,0.22202499999999994,0.7241666666666667,0.6565833333333334,0.5733333333333333,1
2011-06-25,5202,1782,2,3420,3,6,0.2095708333333333,0.695,0.6433125000000002,0.4833333333333334,1
2011-06-26,5305,1920,2,3385,3,0,0.09453333333333334,0.68,0.6376291666666668,0.5133333333333335,1
2011-06-27,4708,854,3,3854,3,1,0.10758749999999999,0.6825000000000001,0.6370041666666667,0.6583333333333333,1
2011-06-28,4648,732,3,3916,3,2,0.14428333333333332,0.7441666666666665,0.6925583333333333,0.6341666666666667,0
2011-06-29,5225,848,2,4377,3,3,0.26182083333333334,0.7283333333333335,0.6546875,0.49791666666666673,0
2011-06-30,5515,1027,1,4488,3,4,0.1853125,0.6966666666666667,0.6370083333333335,0.4341666666666666,1
2011-07-01,5362,1246,1,4116,3,5,0.10260833333333334,0.7225000000000001,0.6521624999999999,0.39625,1
2011-07-02,5119,2204,1,2915,3,6,0.1150625,0.7383333333333333,0.6673083333333332,0.4445833333333334,1
2011-07-03,4649,2282,3,2367,3,0,0.2288583333333333,0.7166666666666668,0.668575,0.6825,1
2011-07-04,6043,3065,2,2978,3,1,0.08147916666666667,0.7266666666666666,0.6654166666666664,0.6379166666666668,1
2011-07-05,4665,1031,2,3634,3,2,0.12625833333333333,0.7466666666666669,0.6963374999999999,0.5904166666666668,1
2011-07-06,4629,784,3,3845,3,3,0.1498833333333333,0.7200000000000001,0.6856333333333331,0.7433333333333332,1
2011-07-07,4592,754,2,3838,3,4,0.1592,0.7499999999999997,0.6868708333333333,0.6512499999999998,0
2011-07-08,4040,692,3,3348,3,5,0.22512916666666669,0.7091666666666666,0.6704833333333333,0.7579166666666669,1
2011-07-09,5336,1988,2,3348,3,6,0.1679125,0.7333333333333333,0.6641583333333332,0.6091666666666667,1
2011-07-10,4881,1743,1,3138,3,0,0.18347083333333333,0.7474999999999999,0.6900249999999999,0.5783333333333335,1
2011-07-11,4086,723,1,3363,3,1,0.28233749999999996,0.7624999999999997,0.7298041666666664,0.6358333333333334,1
2011-07-12,4258,662,2,3596,3,2,0.20025416666666662,0.7941666666666668,0.739275,0.5591666666666666,0
2011-07-13,4342,748,3,3594,3,3,0.1461333333333333,0.7466666666666667,0.6894041666666668,0.6316666666666665,1
2011-07-14,5084,888,1,4196,3,4,0.2406666666666666,0.6808333333333333,0.6351041666666668,0.47625,1
2011-07-15,5538,1318,2,4220,3,5,0.18283333333333332,0.6633333333333333,0.6243708333333334,0.5912499999999999,1
2011-07-16,5923,2418,1,3505,3,6,0.20834166666666673,0.6866666666666666,0.6382624999999998,0.5849999999999999,1
2011-07-17,5302,2006,1,3296,3,0,0.2450333333333333,0.7191666666666667,0.6698333333333331,0.6041666666666667,1
2011-07-18,4458,841,1,3617,3,1,0.21580416666666669,0.7466666666666667,0.703925,0.6512500000000001,1
2011-07-19,4541,752,3,3789,3,2,0.13060000000000002,0.7766666666666665,0.7474791666666666,0.6504166666666666,0
2011-07-20,4332,644,2,3688,3,3,0.11381666666666666,0.7683333333333334,0.7468499999999999,0.7070833333333333,0
2011-07-21,3784,632,2,3152,3,4,0.22202083333333333,0.8150000000000001,0.8263708333333334,0.69125,1
2011-07-22,3387,562,3,2825,3,5,0.1331,0.8483333333333333,0.8408958333333335,0.5804166666666667,0
2011-07-23,3285,987,2,2298,3,6,0.13122083333333331,0.8491666666666666,0.8042875000000002,0.5000000000000001,1
2011-07-24,3606,1050,2,2556,3,0,0.16917083333333335,0.8300000000000002,0.7948291666666667,0.5508333333333334,1
2011-07-25,3840,568,2,3272,3,1,0.09080833333333332,0.7433333333333333,0.720958333333333,0.7570833333333334,0
2011-07-26,4590,750,1,3840,3,2,0.20025833333333334,0.7716666666666668,0.6969791666666666,0.5408333333333334,0
2011-07-27,4656,755,2,3901,3,3,0.18346249999999997,0.7749999999999999,0.6906666666666664,0.4029166666666666,0
2011-07-28,4390,606,2,3784,3,4,0.17847916666666666,0.7791666666666668,0.7399000000000003,0.5833333333333334,0
2011-07-29,3846,670,2,3176,3,5,0.17413749999999997,0.8383333333333334,0.7859666666666666,0.5425000000000002,1
2011-07-30,4475,1559,1,2916,3,6,0.16853749999999998,0.8041666666666668,0.7285375,0.4658333333333333,1
2011-07-31,4302,1524,1,2778,3,0,0.1648125,0.8058333333333333,0.7297958333333333,0.4808333333333334,1
2011-08-01,4266,729,1,3537,3,1,0.15671666666666664,0.7716666666666666,0.7032916666666668,0.5508333333333332,1
2011-08-02,4845,801,2,4044,3,2,0.20585,0.7833333333333333,0.7070708333333333,0.49125,0
2011-08-03,3574,467,3,3107,3,3,0.1355833333333333,0.7316666666666665,0.6799375,0.6574999999999999,0
2011-08-04,4576,799,3,3777,3,4,0.19714999999999996,0.71,0.6647875,0.7574999999999998,1
2011-08-05,4866,1023,2,3843,3,5,0.18469583333333328,0.7108333333333333,0.6565666666666665,0.6308333333333335,1
2011-08-06,4294,1521,3,2773,3,6,0.22825000000000004,0.7166666666666668,0.6761541666666666,0.7549999999999998,1
2011-08-07,3785,1298,3,2487,3,0,0.20148749999999993,0.7425,0.7152916666666663,0.7529166666666667,1
2011-08-08,4326,846,1,3480,3,1,0.19217499999999996,0.765,0.7032833333333333,0.5920833333333334,1
2011-08-09,4602,907,2,3695,3,2,0.15112083333333334,0.7750000000000002,0.7241208333333334,0.5704166666666669,1
2011-08-10,4780,884,1,3896,3,3,0.2002583333333333,0.7666666666666666,0.6849833333333333,0.4241666666666666,1
2011-08-11,4792,812,1,3980,3,4,0.16479583333333334,0.7175000000000001,0.6515208333333333,0.4237499999999999,1
2011-08-12,4905,1051,1,3854,3,5,0.12562083333333332,0.7083333333333334,0.6540416666666665,0.41500000000000004,1
2011-08-13,4150,1504,3,2646,3,6,0.21145416666666664,0.6858333333333332,0.6458583333333333,0.7295833333333333,1
2011-08-14,3820,1338,3,2482,3,0,0.22263333333333332,0.6766666666666667,0.6243874999999998,0.8174999999999996,1
2011-08-15,4338,775,3,3563,3,1,0.20895416666666664,0.6658333333333333,0.6161666666666666,0.7120833333333335,1
2011-08-16,4725,721,1,4004,3,2,0.23632916666666667,0.7008333333333335,0.6458375,0.5783333333333333,0
2011-08-17,4694,668,1,4026,3,3,0.14366666666666664,0.7233333333333335,0.6666708333333332,0.5754166666666667,0
2011-08-18,3805,639,3,3166,3,4,0.23320833333333327,0.7116666666666668,0.6622583333333333,0.6545833333333335,1
2011-08-19,4153,797,3,3356,3,5,0.13930833333333334,0.6849999999999999,0.6332208333333332,0.7229166666666668,1
2011-08-20,5191,1914,2,3277,3,6,0.10446666666666665,0.6975000000000001,0.6489958333333332,0.6741666666666667,1
2011-08-21,3873,1249,3,2624,3,0,0.2487541666666667,0.7108333333333334,0.6755249999999999,0.7699999999999997,1
2011-08-22,4758,833,3,3925,3,1,0.27674999999999994,0.6916666666666668,0.6382541666666668,0.4700000000000002,1
2011-08-23,5895,1281,2,4614,3,2,0.1467625,0.6408333333333335,0.6060666666666668,0.45541666666666664,1
2011-08-24,5130,949,1,4181,3,3,0.25310833333333327,0.6733333333333333,0.6306916666666664,0.6050000000000001,1
2011-08-25,3542,435,3,3107,3,4,0.2108333333333333,0.6841666666666667,0.6458541666666664,0.7716666666666665,0
2011-08-26,4661,768,2,3893,3,5,0.08396250000000001,0.7000000000000001,0.6597333333333332,0.7612499999999999,0
2011-08-27,1115,226,3,889,3,6,0.37561666666666665,0.6800000000000002,0.6355555555555552,0.8500000000000002,1
2011-08-28,4334,1415,3,2919,3,0,0.30465882352941165,0.7070588235294119,0.6479588235294118,0.5617647058823529,1
2011-08-29,4634,729,2,3905,3,1,0.159825,0.6366666666666666,0.6079583333333333,0.5545833333333333,0
2011-08-30,5204,775,1,4429,3,2,0.12500833333333333,0.6391666666666667,0.5947041666666667,0.5483333333333332,0
2011-08-31,5058,688,1,4370,3,3,0.08333333333333333,0.6566666666666667,0.6111208333333333,0.5979166666666665,0
2011-09-01,5115,783,3,4332,3,4,0.14179583333333332,0.6550000000000001,0.6149208333333335,0.6391666666666667,0
2011-09-02,4727,875,3,3852,3,5,0.1399291666666667,0.6433333333333333,0.6048083333333333,0.7270833333333333,1
2011-09-03,4484,1935,3,2549,3,6,0.18532499999999996,0.6691666666666666,0.6332124999999998,0.7166666666666667,1
2011-09-04,4940,2521,2,2419,3,0,0.20646666666666666,0.7091666666666666,0.6654291666666664,0.7420833333333331,1
2011-09-05,3351,1236,3,2115,3,1,0.2126958333333333,0.6733333333333333,0.6256458333333332,0.7904166666666667,1
2011-09-06,2710,204,3,2506,3,2,0.3439434782608695,0.5399999999999998,0.5152,0.8869565217391305,0
2011-09-07,1996,118,3,1878,3,3,0.09702083333333333,0.5991666666666666,0.5442291666666664,0.9170833333333336,0
2011-09-08,1842,153,3,1689,3,4,0.19274782608695654,0.6339130434782608,0.5553608695652175,0.9395652173913043,0
2011-09-09,3544,417,3,3127,3,5,0.12437916666666665,0.65,0.5789458333333333,0.8979166666666668,0
2011-09-10,5345,1750,2,3595,3,6,0.15360833333333332,0.66,0.6079624999999999,0.75375,1
2011-09-11,5046,1633,3,3413,3,0,0.11505416666666667,0.6533333333333334,0.6092291666666668,0.7137500000000001,1
2011-09-12,4713,690,1,4023,3,1,0.08891304347826087,0.6443478260869565,0.6021304347826087,0.6921739130434783,0
2011-09-13,4763,701,1,4062,3,2,0.14180416666666668,0.6508333333333334,0.6035541666666667,0.7124999999999999,0
2011-09-14,4785,647,2,4138,3,3,0.16729999999999998,0.6733333333333332,0.6268999999999999,0.6970833333333332,0
2011-09-15,3659,428,3,3231,3,4,0.27114583333333336,0.5775000000000001,0.5536708333333332,0.7091666666666668,0
2011-09-16,4760,742,2,4018,3,5,0.16418333333333335,0.4691666666666667,0.4614749999999999,0.5904166666666667,0
2011-09-17,4511,1434,2,3077,3,6,0.189675,0.49166666666666653,0.47851249999999995,0.7183333333333333,1
2011-09-18,4274,1353,2,2921,3,0,0.17848333333333333,0.5074999999999998,0.49053750000000007,0.695,1
2011-09-19,4539,691,2,3848,3,1,0.1517416666666667,0.5491666666666667,0.529675,0.69,0
2011-09-20,3641,438,3,3203,3,2,0.13495416666666665,0.5616666666666668,0.5322166666666669,0.8812500000000001,0
2011-09-21,4352,539,3,3813,3,3,0.09640416666666667,0.5949999999999999,0.5505333333333333,0.9000000000000002,0
2011-09-22,4795,555,2,4240,3,4,0.128125,0.6283333333333333,0.5549624999999999,0.9020833333333335,0
2011-09-23,2395,258,3,2137,4,5,0.07836666666666668,0.6091666666666665,0.5221250000000001,0.9725,0
2011-09-24,5423,1776,2,3647,4,6,0.07838333333333332,0.6066666666666666,0.5644125,0.8624999999999997,1
2011-09-25,5010,1544,3,3466,4,0,0.05037916666666666,0.6341666666666665,0.5726374999999999,0.8449999999999999,1
2011-09-26,4630,684,2,3946,4,1,0.11070000000000002,0.6491666666666666,0.5890416666666667,0.8483333333333335,0
2011-09-27,4120,477,3,3643,4,2,0.11817083333333334,0.6366666666666666,0.5745249999999998,0.8854166666666666,0
2011-09-28,3907,480,3,3427,4,3,0.14862916666666667,0.6349999999999999,0.5751583333333333,0.8487499999999996,0
2011-09-29,4839,653,2,4186,4,4,0.17288333333333336,0.6166666666666666,0.5745125000000001,0.6991666666666666,0
2011-09-30,5202,830,2,4372,4,5,0.206475,0.5641666666666665,0.5448291666666667,0.6475000000000001,0
2011-10-01,2429,480,3,1949,4,6,0.29229583333333337,0.41,0.4128625000000001,0.75375,1
2011-10-02,2918,616,3,2302,4,0,0.22201250000000003,0.35666666666666674,0.34531666666666666,0.7916666666666665,1
2011-10-03,3570,330,3,3240,4,1,0.08334583333333334,0.38416666666666677,0.3920458333333335,0.7608333333333333,0
2011-10-04,4456,486,2,3970,4,2,0.20585416666666667,0.4841666666666667,0.4728583333333333,0.7100000000000001,0
2011-10-05,4826,559,1,4267,4,3,0.17725,0.5383333333333332,0.5271375,0.6479166666666668,0
2011-10-06,4765,639,1,4126,4,4,0.13495416666666663,0.4941666666666667,0.48042500000000005,0.6208333333333335,0
2011-10-07,4985,949,1,4036,4,5,0.022391666666666667,0.5108333333333334,0.5044041666666667,0.6841666666666666,1
2011-10-08,5409,2235,1,3174,4,6,0.04540416666666666,0.5216666666666666,0.5132416666666666,0.7012499999999999,1
2011-10-09,5511,2397,2,3114,4,0,0.06345,0.5408333333333334,0.5239833333333334,0.7274999999999999,1
2011-10-10,5117,1514,2,3603,4,1,0.04230416666666667,0.5708333333333333,0.5429250000000001,0.7337499999999998,1
2011-10-11,4563,667,3,3896,4,2,0.14304166666666665,0.5666666666666665,0.5460958333333332,0.8087499999999997,0
2011-10-12,2416,217,3,2199,4,3,0.24815,0.5433333333333331,0.5177166666666667,0.9062500000000003,0
2011-10-13,2913,290,3,2623,4,4,0.14178749999999998,0.5891666666666665,0.5518041666666665,0.8966666666666662,0
2011-10-14,3644,529,3,3115,4,5,0.22388333333333332,0.5508333333333333,0.529675,0.71625,0
2011-10-15,5217,1899,1,3318,4,6,0.2580833333333333,0.5066666666666667,0.49872500000000003,0.48333333333333334,1
2011-10-16,5041,1748,1,3293,4,0,0.28171666666666667,0.5116666666666667,0.5031541666666667,0.48666666666666664,1
2011-10-17,4570,713,2,3857,4,1,0.17537916666666664,0.5341666666666668,0.510725,0.5795833333333333,0
2011-10-18,4748,637,2,4111,4,2,0.1100875,0.5324999999999999,0.5227208333333334,0.7016666666666667,0
2011-10-19,2424,254,3,2170,4,3,0.24333913043478256,0.5417391304347826,0.5138478260869567,0.895217391304348,0
2011-10-20,4195,471,2,3724,4,4,0.4222750000000001,0.47583333333333355,0.4665249999999998,0.63625,0
2011-10-21,4304,676,2,3628,4,5,0.22139583333333332,0.42749999999999994,0.4235958333333334,0.5741666666666665,0
2011-10-22,4308,1499,2,2809,4,6,0.09266666666666666,0.4225000000000001,0.42549166666666666,0.6291666666666665,1
2011-10-23,4381,1619,1,2762,4,0,0.0995125,0.4216666666666666,0.4223333333333333,0.7412500000000001,1
2011-10-24,4187,699,3,3488,4,1,0.11879166666666664,0.46333333333333354,0.45706666666666657,0.7720833333333333,1
2011-10-25,4687,695,1,3992,4,2,0.1666583333333333,0.47166666666666673,0.4633749999999999,0.6229166666666667,0
2011-10-26,3894,404,3,3490,4,3,0.14864166666666662,0.4841666666666666,0.47284583333333324,0.7204166666666665,0
2011-10-27,2659,240,3,2419,4,4,0.19776249999999998,0.47,0.4570458333333333,0.8129166666666671,0
2011-10-28,3747,456,3,3291,4,5,0.22947916666666665,0.33083333333333337,0.31881249999999994,0.5858333333333334,0
2011-10-29,627,57,3,570,4,6,0.3513708333333334,0.25416666666666665,0.22791250000000007,0.8825000000000002,0
2011-10-30,3331,885,1,2446,4,0,0.17661666666666664,0.31916666666666665,0.32132916666666667,0.62375,1
2011-10-31,3669,362,2,3307,4,1,0.10635,0.3400000000000001,0.3560625,0.7033333333333335,0
2011-11-01,4068,410,2,3658,4,2,0.1355708333333333,0.4008333333333334,0.3970875,0.6837500000000002,0
2011-11-02,4186,370,1,3816,4,3,0.08209166666666667,0.3775,0.3901333333333333,0.71875,0
2011-11-03,3974,318,2,3656,4,4,0.13681666666666664,0.4083333333333334,0.40592083333333345,0.7020833333333334,0
2011-11-04,4046,470,2,3576,4,5,0.2717791666666667,0.4033333333333333,0.40339166666666676,0.6225000000000002,0
2011-11-05,3926,1156,1,2770,4,6,0.1890625,0.3266666666666667,0.3238541666666666,0.5191666666666667,1
2011-11-06,3649,952,2,2697,4,0,0.09205416666666666,0.3483333333333334,0.3623583333333334,0.7345833333333335,1
2011-11-07,4035,373,2,3662,4,1,0.05722499999999999,0.395,0.40087083333333345,0.7587499999999999,0
2011-11-08,4205,376,1,3829,4,2,0.06903750000000002,0.4083333333333334,0.41224583333333326,0.7216666666666668,0
2011-11-09,4109,305,1,3804,4,3,0.06219583333333334,0.4000000000000001,0.40907916666666666,0.7583333333333334,0
2011-11-10,2933,190,3,2743,4,4,0.18906666666666663,0.38000000000000006,0.3737208333333333,0.8133333333333335,0
2011-11-11,3368,440,1,2928,4,5,0.3146750000000001,0.32416666666666666,0.30681666666666674,0.44625000000000004,0
2011-11-12,4067,1275,1,2792,4,6,0.21206249999999996,0.35666666666666663,0.35794166666666666,0.5529166666666666,1
2011-11-13,3717,1004,2,2713,4,0,0.28172083333333336,0.44083333333333335,0.43055,0.4583333333333333,1
2011-11-14,4486,595,2,3891,4,1,0.30659583333333335,0.5299999999999999,0.5246125,0.5870833333333334,0
2011-11-15,4195,449,3,3746,4,2,0.1996333333333333,0.5300000000000001,0.5075791666666666,0.6887500000000001,0
2011-11-16,1817,145,3,1672,4,3,0.13682916666666667,0.4566666666666667,0.4519875,0.9299999999999996,0
2011-11-17,3053,139,3,2914,4,4,0.30536250000000004,0.3416666666666666,0.32322083333333324,0.5758333333333333,0
2011-11-18,3392,245,1,3147,4,5,0.16853333333333334,0.27416666666666667,0.27272083333333347,0.41,0
2011-11-19,3663,943,2,2720,4,6,0.22449583333333326,0.32916666666666666,0.32448333333333335,0.5020833333333333,1
2011-11-20,3520,787,3,2733,4,0,0.18594999999999998,0.4633333333333334,0.4570583333333332,0.6845833333333334,1
2011-11-21,2765,220,3,2545,4,1,0.13805416666666667,0.44750000000000006,0.44506250000000014,0.9100000000000001,0
2011-11-22,1607,69,3,1538,4,2,0.11879166666666663,0.4166666666666668,0.4216958333333332,0.9625,0
2011-11-23,2566,112,3,2454,4,3,0.335825,0.44083333333333335,0.4305375,0.7579166666666666,0
2011-11-24,1495,560,1,935,4,4,0.16730416666666667,0.37333333333333335,0.37247083333333325,0.5491666666666667,1
2011-11-25,2792,1095,1,1697,4,5,0.0988958333333333,0.375,0.3806708333333333,0.64375,1
2011-11-26,3068,1249,2,1819,4,6,0.06842083333333333,0.3758333333333334,0.3850875,0.6816666666666666,1
2011-11-27,3071,810,1,2261,4,0,0.20895416666666666,0.4591666666666668,0.4557999999999999,0.6983333333333334,1
2011-11-28,3867,253,2,3614,4,1,0.14212173913043477,0.5034782608695652,0.4901217391304349,0.7430434782608696,0
2011-11-29,2914,96,3,2818,4,2,0.25809166666666666,0.4583333333333335,0.45137500000000014,0.8308333333333334,0
2011-11-30,3613,188,2,3425,4,3,0.27115833333333333,0.32500000000000007,0.31122083333333334,0.6133333333333334,0
2011-12-01,3727,182,1,3545,4,4,0.22015833333333332,0.31250000000000006,0.3055541666666666,0.5245833333333335,0
2011-12-02,3940,268,1,3672,4,5,0.10075416666666666,0.31416666666666665,0.3314333333333333,0.6258333333333334,0
2011-12-03,3614,706,2,2908,4,6,0.09578333333333332,0.29916666666666664,0.31060416666666674,0.6129166666666667,1
2011-12-04,3485,634,1,2851,4,0,0.08395833333333334,0.3308333333333333,0.34909999999999997,0.7758333333333334,1
2011-12-05,3811,233,2,3578,4,1,0.06220833333333334,0.3858333333333333,0.393925,0.8270833333333333,0
2011-12-06,2594,126,3,2468,4,2,0.23258333333333328,0.46250000000000013,0.4563999999999999,0.9495833333333333,0
2011-12-07,705,50,3,655,4,3,0.266175,0.41000000000000014,0.40024583333333336,0.9704166666666668,0
2011-12-08,3322,150,2,3172,4,4,0.24005833333333323,0.2658333333333333,0.25693750000000004,0.5799999999999997,0
2011-12-09,3620,261,2,3359,4,5,0.08271666666666667,0.2908333333333333,0.31754166666666667,0.6958333333333333,0
2011-12-10,3190,502,2,2688,4,6,0.2332208333333334,0.27499999999999997,0.2664125,0.5075000000000002,0
2011-12-11,2743,377,1,2366,4,0,0.06654166666666667,0.2208333333333333,0.2531541666666666,0.49000000000000016,0
2011-12-12,3310,143,2,3167,4,1,0.06344999999999999,0.23833333333333329,0.27019583333333336,0.6708333333333334,0
2011-12-13,3523,155,1,3368,4,2,0.14055,0.2825,0.3011375,0.5899999999999999,0
2011-12-14,3740,178,2,3562,4,3,0.06095833333333334,0.3175,0.33836250000000007,0.66375,0
2011-12-15,3709,181,3,3528,4,4,0.2680416666666667,0.4224999999999999,0.41223750000000003,0.6341666666666669,0
2011-12-16,3577,178,2,3399,4,5,0.26057499999999995,0.37500000000000006,0.35982500000000006,0.5004166666666664,0
2011-12-17,2739,275,3,2464,4,6,0.24316666666666667,0.25833333333333336,0.2493708333333334,0.5608333333333333,0
2011-12-18,2431,220,2,2211,4,0,0.16977916666666662,0.2383333333333333,0.2455791666666667,0.5862499999999998,0
2011-12-19,3403,260,2,3143,4,1,0.17289583333333336,0.27666666666666667,0.28093333333333326,0.6375000000000001,0
2011-12-20,3750,216,2,3534,4,2,0.06157083333333332,0.3858333333333334,0.3964541666666667,0.5954166666666666,0
2011-12-21,2660,107,3,2553,1,3,0.2214,0.4283333333333334,0.42801666666666666,0.8583333333333334,0
2011-12-22,3068,227,3,2841,1,4,0.047275000000000005,0.42333333333333334,0.42612083333333334,0.7575000000000002,0
2011-12-23,2209,163,3,2046,1,5,0.27424583333333336,0.37333333333333346,0.37751250000000014,0.6862499999999998,0
2011-12-24,1011,155,2,856,1,6,0.19030416666666664,0.3025,0.2992416666666667,0.5425000000000001,0
2011-12-25,754,303,1,451,1,0,0.1550913043478261,0.27478260869565213,0.2799608695652175,0.6813043478260868,1
2011-12-26,1317,430,1,887,1,1,0.23946521739130439,0.3217391304347825,0.3155347826086957,0.5069565217391304,1
2011-12-27,1162,103,3,1059,1,2,0.18844999999999992,0.325,0.3276333333333334,0.7625000000000001,0
2011-12-28,2302,255,1,2047,1,3,0.29396086956521744,0.2991304347826087,0.27997391304347824,0.5039130434782608,0
2011-12-29,2423,254,2,2169,1,4,0.11941250000000002,0.24833333333333332,0.26389166666666664,0.5741666666666666,0
2011-12-30,2999,491,2,2508,1,5,0.13433749999999997,0.31166666666666665,0.3188125,0.6366666666666667,0
2011-12-31,2485,665,3,1820,1,6,0.22015416666666668,0.4100000000000001,0.41412083333333344,0.6158333333333332,1
2012-01-01,2294,686,3,1608,1,0,0.19216666666666662,0.37000000000000005,0.37562083333333335,0.6925,1
2012-01-02,1951,244,2,1707,1,1,0.32966521739130444,0.27304347826086955,0.25230434782608696,0.38130434782608696,0
2012-01-03,2236,89,1,2147,1,2,0.3656708333333334,0.15000000000000005,0.12627500000000003,0.44125,0
2012-01-04,2368,95,2,2273,1,3,0.18469999999999998,0.1075,0.1193375,0.41458333333333336,0
2012-01-05,3272,140,2,3132,1,4,0.1299875,0.2658333333333333,0.2784125,0.5241666666666666,0
2012-01-06,4098,307,2,3791,1,5,0.16790833333333333,0.33416666666666667,0.34026666666666666,0.5420833333333333,0
2012-01-07,4521,1070,2,3451,1,6,0.17475833333333332,0.39333333333333326,0.3907791666666667,0.5316666666666666,1
2012-01-08,3425,599,2,2826,1,0,0.19154166666666664,0.3375000000000001,0.3402583333333335,0.4650000000000001,1
2012-01-09,2376,106,4,2270,1,1,0.09889999999999997,0.2241666666666667,0.2474791666666666,0.7016666666666665,0
2012-01-10,3598,173,2,3425,1,2,0.18755217391304344,0.30869565217391304,0.31882608695652176,0.646521739130435,0
2012-01-11,2177,92,3,2085,1,3,0.13122083333333334,0.2741666666666666,0.28282083333333335,0.8475,0
2012-01-12,4097,269,3,3828,1,4,0.1809666666666667,0.3825,0.38193750000000004,0.802916666666667,0
2012-01-13,3214,174,3,3040,1,5,0.3781083333333333,0.27416666666666667,0.24936250000000001,0.5075000000000002,0
2012-01-14,2493,333,1,2160,1,6,0.18718333333333326,0.18000000000000008,0.18308750000000004,0.4575000000000001,0
2012-01-15,2311,284,2,2027,1,0,0.2512583333333333,0.16666666666666674,0.161625,0.41916666666666663,0
2012-01-16,2298,217,3,2081,1,1,0.23135833333333333,0.18999999999999995,0.19066249999999998,0.5225,0
2012-01-17,2935,127,3,2808,1,2,0.3491304347826087,0.37304347826086964,0.36427826086956533,0.7160869565217393,0
2012-01-18,3376,109,2,3267,1,3,0.4154291666666667,0.3033333333333333,0.27525416666666674,0.4433333333333333,0
2012-01-19,3292,130,2,3162,1,4,0.22015833333333337,0.18999999999999995,0.19003749999999997,0.4974999999999999,0
2012-01-20,3163,115,3,3048,1,5,0.20274999999999999,0.2175000000000001,0.22095833333333326,0.4499999999999999,0
2012-01-21,1301,67,4,1234,1,6,0.22264166666666665,0.17333333333333337,0.174875,0.8312500000000002,0
2012-01-22,1977,196,3,1781,1,0,0.1996375,0.16250000000000006,0.16224999999999998,0.7962500000000001,0
2012-01-23,2432,145,3,2287,1,1,0.11070833333333334,0.21833333333333335,0.24305833333333338,0.9112499999999999,0
2012-01-24,4339,439,2,3900,1,2,0.12376666666666668,0.3425000000000001,0.3491083333333333,0.8358333333333334,0
2012-01-25,4270,467,2,3803,1,3,0.16107083333333333,0.2941666666666667,0.29482083333333337,0.6437499999999999,0
2012-01-26,4075,244,2,3831,1,4,0.07339583333333334,0.34166666666666673,0.35605000000000003,0.7695833333333336,0
2012-01-27,3456,269,3,3187,1,5,0.3426666666666667,0.42500000000000004,0.4153833333333334,0.74125,0
2012-01-28,4023,775,2,3248,1,6,0.21082916666666665,0.31583333333333335,0.3263791666666667,0.5433333333333333,1
2012-01-29,3243,558,1,2685,1,0,0.24005,0.28250000000000003,0.27272083333333336,0.31124999999999997,1
2012-01-30,3624,126,2,3498,1,1,0.21579166666666671,0.2691666666666666,0.26262500000000005,0.4008333333333333,0
2012-01-31,4509,324,2,4185,1,2,0.26181666666666664,0.38999999999999996,0.3813166666666666,0.4166666666666666,0
2012-02-01,4579,304,3,4275,1,3,0.18906666666666663,0.46916666666666673,0.46653750000000005,0.5079166666666667,0
2012-02-02,3761,190,3,3571,1,4,0.18718750000000003,0.39916666666666667,0.39897083333333344,0.6729166666666667,0
2012-02-03,4151,310,1,3841,1,5,0.1784958333333333,0.31333333333333335,0.3093458333333334,0.5266666666666667,0
2012-02-04,2832,384,3,2448,1,6,0.12189583333333333,0.26416666666666666,0.27272500000000005,0.7795833333333332,0
2012-02-05,2947,318,3,2629,1,0,0.17599583333333332,0.2658333333333333,0.26452083333333326,0.6879166666666666,0
2012-02-06,3784,206,1,3578,1,1,0.15380000000000002,0.2826086956521739,0.2964260869565218,0.6221739130434782,0
2012-02-07,4375,199,2,4176,1,2,0.14737916666666664,0.35416666666666674,0.36110416666666656,0.4962500000000001,0
2012-02-08,2802,109,3,2693,1,3,0.13372083333333332,0.2566666666666667,0.2664208333333334,0.7229166666666665,0
2012-02-09,3830,163,2,3667,1,4,0.19403749999999997,0.26499999999999996,0.26198750000000004,0.5620833333333333,0
2012-02-10,3831,227,3,3604,1,5,0.11692916666666665,0.2808333333333333,0.2935583333333333,0.5399999999999999,0
2012-02-11,2169,192,3,1977,1,6,0.2897958333333333,0.22416666666666663,0.21086666666666667,0.7312500000000001,0
2012-02-12,1529,73,3,1456,1,0,0.4092125,0.12750000000000003,0.10165833333333334,0.46458333333333335,0
2012-02-13,3422,94,1,3328,1,1,0.16728333333333334,0.2225,0.2279125,0.41125000000000006,0
2012-02-14,3922,135,2,3787,1,2,0.14117916666666666,0.31916666666666665,0.3339458333333334,0.5087500000000001,0
2012-02-15,4169,141,2,4028,1,3,0.18159999999999998,0.34833333333333333,0.35162916666666666,0.5312500000000001,0
2012-02-16,3005,74,3,2931,1,4,0.09142499999999999,0.31666666666666665,0.33016249999999997,0.7529166666666666,0
2012-02-17,4154,349,2,3805,1,5,0.2058458333333333,0.3433333333333333,0.35162916666666666,0.6345833333333333,0
2012-02-18,4318,1435,2,2883,1,6,0.19092916666666662,0.3466666666666667,0.35542500000000005,0.5345833333333333,1
2012-02-19,2689,618,3,2071,1,0,0.2531125,0.27999999999999997,0.26578749999999995,0.5158333333333334,1
2012-02-20,3129,502,2,2627,1,1,0.22908260869565222,0.2799999999999999,0.27339130434782616,0.5078260869565216,0
2012-02-21,3777,163,2,3614,1,2,0.20571739130434785,0.28782608695652173,0.29511304347826095,0.5943478260869566,0
2012-02-22,4773,394,2,4379,1,3,0.23447083333333332,0.3958333333333334,0.39266666666666666,0.5679166666666665,0
2012-02-23,5062,516,3,4546,1,4,0.19091249999999996,0.45416666666666655,0.44444583333333326,0.5545833333333333,0
2012-02-24,3487,246,3,3241,1,5,0.23756666666666662,0.40750000000000003,0.41097083333333334,0.7375000000000002,0
2012-02-25,2732,317,3,2415,1,6,0.42164166666666664,0.29083333333333333,0.2556750000000001,0.3958333333333333,0
2012-02-26,3389,515,1,2874,1,0,0.20522916666666668,0.2791666666666667,0.2683083333333333,0.41,0
2012-02-27,4322,253,1,4069,1,1,0.2680333333333333,0.36666666666666664,0.35795416666666674,0.4908333333333332,0
2012-02-28,4363,229,1,4134,1,2,0.19341666666666657,0.3591666666666667,0.3535249999999999,0.3958333333333334,0
2012-02-29,1834,65,3,1769,1,3,0.1791173913043478,0.3443478260869566,0.34846956521739136,0.8047826086956522,0
2012-03-01,4990,325,3,4665,1,4,0.22698750000000004,0.4858333333333334,0.47537083333333335,0.6154166666666666,0
2012-03-02,3194,246,3,2948,1,5,0.14490416666666667,0.35333333333333333,0.35984166666666656,0.6570833333333331,0
2012-03-03,4066,956,3,3110,1,6,0.1610791666666667,0.41416666666666674,0.4134916666666666,0.6212499999999999,1
2012-03-04,3423,710,2,2713,1,0,0.33457083333333343,0.32583333333333336,0.3030208333333334,0.4033333333333334,1
2012-03-05,3333,203,3,3130,1,1,0.2288583333333333,0.24333333333333326,0.24117083333333333,0.5062499999999998,0
2012-03-06,3956,221,1,3735,1,2,0.200875,0.25833333333333336,0.25504166666666667,0.4566666666666668,0
2012-03-07,4916,432,1,4484,1,3,0.3457791666666667,0.4041666666666666,0.3851,0.5133333333333333,0
2012-03-08,5382,486,2,4896,1,4,0.4415625,0.5274999999999999,0.5246041666666666,0.5675,0
2012-03-09,4569,447,3,4122,1,5,0.41480000000000006,0.4108333333333334,0.39708333333333345,0.4070833333333334,0
2012-03-10,4118,968,1,3150,1,6,0.22574999999999998,0.28750000000000003,0.27776666666666666,0.35041666666666665,1
2012-03-11,4911,1658,1,3253,1,0,0.22258695652173915,0.3617391304347826,0.3596695652173913,0.4769565217391304,1
2012-03-12,5298,838,2,4460,1,1,0.20771250000000005,0.4666666666666668,0.4595916666666667,0.4891666666666668,0
2012-03-13,5847,762,3,5085,1,2,0.2369499999999999,0.565,0.5429291666666667,0.6175,0
2012-03-14,6312,997,2,5315,1,3,0.11506250000000001,0.5725,0.5486166666666666,0.5070833333333333,0
2012-03-15,6192,1005,2,5187,1,4,0.1498833333333333,0.5575000000000001,0.532825,0.5795833333333332,0
2012-03-16,4378,548,3,3830,1,5,0.11319166666666665,0.43583333333333335,0.4362291666666665,0.8420833333333334,0
2012-03-17,7836,3155,2,4681,1,6,0.11070416666666667,0.5141666666666667,0.5050458333333333,0.7558333333333332,1
2012-03-18,5892,2207,3,3685,1,0,0.12688333333333332,0.4725000000000001,0.464,0.81,1
2012-03-19,6153,982,2,5171,1,1,0.1623166666666667,0.545,0.5328208333333333,0.7287500000000001,0
2012-03-20,6093,1051,3,5042,1,2,0.12127083333333333,0.5608333333333332,0.5385333333333334,0.8079166666666665,1
2012-03-21,6230,1122,3,5108,2,3,0.08955833333333334,0.5316666666666666,0.5132583333333334,0.8212499999999997,1
2012-03-22,6871,1334,2,5537,2,4,0.1175625,0.5541666666666667,0.5315666666666666,0.8312499999999998,1
2012-03-23,8362,2469,2,5893,2,5,0.1163,0.6016666666666667,0.5700666666666667,0.6941666666666667,1
2012-03-24,3372,1033,3,2339,2,6,0.19278333333333333,0.5025,0.4867333333333332,0.8854166666666669,1
2012-03-25,4996,1532,3,3464,2,0,0.22077499999999997,0.43750000000000017,0.4374875,0.8808333333333332,1
2012-03-26,5558,795,2,4763,2,1,0.38682083333333334,0.44583333333333347,0.4387499999999999,0.4779166666666666,0
2012-03-27,5102,531,1,4571,2,2,0.18719166666666665,0.32333333333333336,0.3156541666666666,0.2900000000000001,0
2012-03-28,5698,674,3,5024,2,3,0.2916708333333333,0.4841666666666667,0.47095,0.48125,0
2012-03-29,6133,834,1,5299,2,4,0.31964999999999993,0.49416666666666664,0.48230416666666676,0.4391666666666667,0
2012-03-30,5459,796,3,4663,2,5,0.1380666666666667,0.37000000000000005,0.37562083333333335,0.5808333333333332,0
2012-03-31,6235,2301,2,3934,2,6,0.2506166666666667,0.42416666666666675,0.42170833333333335,0.7383333333333336,1
2012-04-01,6041,2347,3,3694,2,0,0.17226666666666665,0.4258333333333333,0.4172875,0.6762500000000001,1
2012-04-02,5936,1208,3,4728,2,1,0.3121391304347827,0.4339130434782609,0.4275130434782608,0.5043478260869564,1
2012-04-03,6772,1348,1,5424,2,2,0.10013333333333334,0.4666666666666666,0.4614833333333333,0.39666666666666667,1
2012-04-04,6436,1058,2,5378,2,3,0.180975,0.5416666666666666,0.53345,0.4695833333333333,0
2012-04-05,6457,1192,2,5265,2,4,0.21952916666666666,0.43500000000000005,0.43116250000000006,0.3741666666666666,1
2012-04-06,6460,1807,1,4653,2,5,0.3003875,0.4033333333333333,0.39076666666666665,0.37708333333333344,1
2012-04-07,6857,3252,1,3605,2,6,0.2748708333333334,0.4375,0.4261291666666666,0.25416666666666676,1
2012-04-08,5169,2230,1,2939,2,0,0.23259583333333333,0.49999999999999994,0.4924249999999999,0.2758333333333334,1
2012-04-09,5585,905,3,4680,2,1,0.35819583333333344,0.4891666666666667,0.4766375,0.31750000000000006,0
2012-04-10,5918,819,2,5099,2,2,0.24937499999999993,0.4466666666666666,0.4362333333333333,0.43500000000000005,0
2012-04-11,4862,482,3,4380,2,3,0.2952739130434783,0.34869565217391313,0.3372739130434783,0.46956521739130447,0
2012-04-12,5409,663,1,4746,2,4,0.2904291666666666,0.3975,0.38760416666666675,0.46625000000000005,0
2012-04-13,6398,1252,2,5146,2,5,0.15547083333333334,0.4424999999999999,0.43180833333333335,0.4083333333333332,1
2012-04-14,7460,2795,2,4665,2,6,0.19091666666666665,0.49499999999999983,0.48799583333333335,0.5029166666666666,1
2012-04-15,7132,2846,2,4286,2,0,0.22512916666666669,0.6066666666666666,0.573875,0.5079166666666668,1
2012-04-16,6370,1198,2,5172,2,1,0.28482916666666663,0.6641666666666667,0.6149249999999998,0.5616666666666665,1
2012-04-17,6691,989,1,5702,2,2,0.27362916666666665,0.6083333333333333,0.5984875,0.3904166666666667,0
2012-04-18,4367,347,3,4020,2,3,0.16791249999999994,0.4633333333333334,0.4570375000000002,0.5691666666666665,0
2012-04-19,6565,846,3,5719,2,4,0.06592916666666666,0.49833333333333324,0.4930458333333334,0.6125000000000002,0
2012-04-20,7290,1340,1,5950,2,5,0.14987083333333331,0.5266666666666665,0.515775,0.6945833333333332,1
2012-04-21,6624,2541,3,4083,2,6,0.2835874999999999,0.5700000000000001,0.5429208333333333,0.6829166666666668,1
2012-04-22,1027,120,3,907,2,0,0.34454583333333333,0.39666666666666656,0.3895041666666667,0.8354166666666666,0
2012-04-23,3214,195,3,3019,2,1,0.3034958333333333,0.3216666666666667,0.3011250000000001,0.7666666666666667,0
2012-04-24,5633,518,2,5115,2,2,0.24938333333333337,0.41333333333333333,0.4052833333333333,0.45416666666666666,0
2012-04-25,6196,655,2,5541,2,3,0.11879166666666667,0.47666666666666657,0.47031666666666666,0.42791666666666667,0
2012-04-26,5026,475,3,4551,2,4,0.176625,0.49833333333333324,0.4835833333333334,0.7566666666666664,0
2012-04-27,6233,1014,1,5219,2,5,0.3476333333333333,0.45749999999999996,0.4526375000000001,0.40083333333333343,0
2012-04-28,4220,1120,3,3100,2,6,0.12997500000000003,0.3766666666666667,0.3775041666666667,0.4895833333333334,1
2012-04-29,6304,2229,3,4075,2,0,0.11690833333333332,0.4583333333333333,0.4501208333333333,0.5870833333333332,1
2012-04-30,5572,665,2,4907,2,1,0.17163749999999997,0.46416666666666667,0.4576958333333334,0.5700000000000001,0
2012-05-01,5740,653,3,5087,2,2,0.15609583333333335,0.6133333333333334,0.5770208333333333,0.6595833333333332,0
2012-05-02,6169,667,3,5502,2,3,0.1380583333333333,0.5641666666666668,0.5378958333333332,0.7970833333333335,0
2012-05-03,6421,764,3,5657,2,4,0.13369583333333335,0.5599999999999998,0.5372416666666666,0.7683333333333332,0
2012-05-04,6296,1069,3,5227,2,5,0.16293749999999999,0.6275,0.5909166666666666,0.7354166666666665,1
2012-05-05,6883,2496,3,4387,2,6,0.15299166666666666,0.6216666666666666,0.5846083333333334,0.7566666666666667,1
2012-05-06,6359,2135,3,4224,2,0,0.14987916666666665,0.5624999999999998,0.5467375,0.7400000000000001,1
2012-05-07,6273,1008,2,5265,2,1,0.2307208333333333,0.5374999999999998,0.5271416666666667,0.6641666666666665,0
2012-05-08,5728,738,3,4990,2,2,0.29602916666666673,0.5816666666666667,0.5574708333333331,0.6858333333333332,0
2012-05-09,4717,620,3,4097,2,3,0.21641249999999998,0.5750000000000001,0.553025,0.7441666666666665,0
2012-05-10,6572,1026,3,5546,2,4,0.31406249999999997,0.5058333333333332,0.4917833333333333,0.5520833333333334,0
2012-05-11,7030,1319,1,5711,2,5,0.2369375,0.5333333333333333,0.5208333333333333,0.3604166666666668,1
2012-05-12,7429,2622,2,4807,2,6,0.12313333333333333,0.5641666666666666,0.5448166666666666,0.4804166666666667,1
2012-05-13,6118,2172,2,3946,2,0,0.22511666666666671,0.6124999999999999,0.5852375000000001,0.5762499999999998,1
2012-05-14,2843,342,3,2501,2,1,0.21269166666666664,0.5733333333333334,0.5499000000000002,0.7895833333333334,0
2012-05-15,5115,625,3,4490,2,2,0.14739166666666664,0.6116666666666667,0.5764041666666666,0.7945833333333333,0
2012-05-16,7424,991,2,6433,2,3,0.12251249999999998,0.6366666666666668,0.5959750000000001,0.6979166666666665,0
2012-05-17,7384,1242,1,6142,2,4,0.22947499999999996,0.5933333333333334,0.5726125,0.5200000000000001,1
2012-05-18,7639,1521,1,6118,2,5,0.13681666666666667,0.5641666666666666,0.5511208333333334,0.5233333333333333,1
2012-05-19,8294,3410,1,4884,2,6,0.08397500000000001,0.6000000000000001,0.5669083333333335,0.45625000000000004,1
2012-05-20,7129,2704,3,4425,2,0,0.2543666666666667,0.6208333333333333,0.5839666666666666,0.5304166666666666,1
2012-05-21,4359,630,3,3729,2,1,0.23320416666666663,0.5983333333333333,0.5656666666666667,0.8112500000000002,0
2012-05-22,6073,819,3,5254,2,2,0.11816666666666664,0.6149999999999999,0.580825,0.7658333333333331,0
2012-05-23,5260,766,3,4494,2,3,0.102,0.6216666666666665,0.5846124999999999,0.7745833333333331,0
2012-05-24,6770,1059,3,5711,2,4,0.17289583333333328,0.6550000000000001,0.6066999999999999,0.7166666666666668,0
2012-05-25,6734,1417,2,5317,2,5,0.14055,0.6799999999999998,0.6275291666666666,0.7470833333333332,1
2012-05-26,6536,2855,2,3681,2,6,0.19899166666666668,0.6924999999999999,0.6426958333333332,0.7324999999999999,1
2012-05-27,6591,3283,3,3308,2,0,0.21517083333333328,0.6899999999999998,0.6414249999999998,0.6970833333333334,1
2012-05-28,6043,2557,2,3486,2,1,0.19652083333333334,0.7125,0.6793000000000001,0.6762500000000001,1
2012-05-29,5743,880,3,4863,2,2,0.2954,0.7225000000000001,0.6729916666666668,0.6845833333333334,0
2012-05-30,6855,745,3,6110,2,3,0.13432916666666664,0.6566666666666667,0.6111291666666668,0.6699999999999999,0
2012-05-31,7338,1100,1,6238,2,4,0.19527916666666667,0.68,0.6313291666666668,0.4929166666666666,0
2012-06-01,4127,533,3,3594,2,5,0.23756249999999998,0.6541666666666666,0.6079625,0.7554166666666666,0
2012-06-02,8120,2795,2,5325,2,6,0.18656249999999994,0.5833333333333335,0.5662874999999999,0.5491666666666667,1
2012-06-03,7641,2494,1,5147,2,0,0.18408749999999996,0.6024999999999998,0.5751333333333334,0.49333333333333323,1
2012-06-04,6998,1071,3,5927,2,1,0.2848333333333333,0.5975,0.5782833333333334,0.4870833333333335,0
2012-06-05,7001,968,3,6033,2,2,0.20957499999999998,0.5408333333333334,0.5258916666666668,0.6133333333333335,0
2012-06-06,7055,1027,3,6028,2,3,0.077125,0.5541666666666666,0.5422916666666667,0.61125,0
2012-06-07,7494,1038,1,6456,2,4,0.15735000000000002,0.6025,0.5694416666666667,0.5670833333333333,0
2012-06-08,7736,1488,1,6248,2,5,0.17538333333333334,0.6491666666666667,0.5978625000000001,0.46791666666666654,1
2012-06-09,7498,2708,1,4790,2,6,0.1442875,0.7108333333333334,0.6483666666666665,0.4370833333333333,1
2012-06-10,6598,2224,1,4374,2,0,0.13372083333333334,0.7266666666666666,0.6635166666666666,0.5383333333333334,1
2012-06-11,6664,1017,2,5647,2,1,0.20771250000000005,0.7208333333333335,0.6597208333333332,0.5879166666666668,0
2012-06-12,4972,477,3,4495,2,2,0.2145458333333333,0.6533333333333333,0.5978749999999998,0.8333333333333334,0
2012-06-13,7421,1173,2,6248,2,3,0.34327916666666664,0.6558333333333334,0.6111166666666668,0.5820833333333332,0
2012-06-14,7363,1180,2,6183,2,4,0.2537333333333333,0.6483333333333333,0.6243833333333333,0.5695833333333334,0
2012-06-15,7665,1563,1,6102,2,5,0.17661666666666667,0.6391666666666668,0.5997541666666667,0.5895833333333332,1
2012-06-16,7702,2963,2,4739,2,6,0.16666666666666663,0.6316666666666667,0.5947083333333334,0.5041666666666664,1
2012-06-17,6978,2634,1,4344,2,0,0.14490416666666667,0.5925,0.571975,0.59875,1
2012-06-18,5099,653,3,4446,2,1,0.17474583333333335,0.5683333333333331,0.5448416666666666,0.7779166666666667,0
2012-06-19,6825,968,2,5857,2,2,0.14801666666666666,0.6883333333333335,0.6546916666666666,0.6900000000000001,0
2012-06-20,6211,872,2,5339,2,3,0.11381249999999998,0.7825000000000002,0.7209750000000003,0.5920833333333332,0
2012-06-21,5905,778,2,5127,3,4,0.1187875,0.8058333333333335,0.7525416666666668,0.5679166666666665,0
2012-06-22,5823,964,3,4859,3,5,0.18284166666666665,0.7775000000000002,0.7241208333333331,0.5737500000000002,0
2012-06-23,7458,2657,2,4801,3,6,0.1797208333333333,0.7316666666666666,0.6527916666666665,0.5345833333333333,1
2012-06-24,6891,2551,2,4340,3,0,0.14552499999999993,0.7433333333333332,0.6742541666666665,0.4791666666666669,1
2012-06-25,6779,1139,2,5640,3,1,0.3003833333333333,0.7158333333333333,0.6540416666666666,0.5041666666666668,1
2012-06-26,7442,1077,1,6365,3,2,0.3476416666666666,0.6308333333333334,0.5947041666666667,0.37333333333333335,0
2012-06-27,7335,1077,1,6258,3,3,0.27177499999999993,0.6975000000000001,0.6407916666666665,0.36000000000000004,0
2012-06-28,6879,921,1,5958,3,4,0.17165,0.7491666666666666,0.6755124999999998,0.42250000000000004,0
2012-06-29,5463,829,3,4634,3,5,0.16541666666666663,0.8341666666666668,0.7866125000000003,0.48875,0
2012-06-30,5687,1455,3,4232,3,6,0.16107083333333336,0.7650000000000002,0.6875083333333336,0.60125,1
2012-07-01,5531,1421,3,4110,3,0,0.16852916666666665,0.8158333333333335,0.7506291666666667,0.5187499999999999,1
2012-07-02,6227,904,2,5323,3,1,0.1952666666666666,0.7816666666666664,0.7020374999999998,0.4470833333333333,0
2012-07-03,6660,1052,3,5608,3,2,0.1262375,0.7808333333333334,0.7026500000000001,0.4920833333333334,0
2012-07-04,7403,2562,2,4841,3,3,0.13495000000000001,0.7891666666666667,0.7323375,0.53875,1
2012-07-05,6241,1405,2,4836,3,4,0.1940291666666666,0.8275,0.7613666666666666,0.4579166666666668,1
2012-07-06,6207,1366,2,4841,3,5,0.14614166666666664,0.8283333333333335,0.7525333333333335,0.4508333333333334,1
2012-07-07,4840,1448,2,3392,3,6,0.16355416666666667,0.8616666666666668,0.8049125,0.49208333333333326,1
2012-07-08,4672,1203,3,3469,3,0,0.12562916666666665,0.8225000000000001,0.7903958333333333,0.5737499999999999,1
2012-07-09,6569,998,3,5571,3,1,0.180975,0.7108333333333333,0.6540541666666663,0.6833333333333335,0
2012-07-10,6290,954,3,5336,3,2,0.1517375,0.7208333333333333,0.6647958333333331,0.6675000000000001,0
2012-07-11,7264,975,2,6289,3,3,0.15173333333333333,0.7166666666666668,0.6502708333333332,0.6333333333333334,0
2012-07-12,7446,1032,2,6414,3,4,0.14677500000000002,0.7158333333333333,0.6546833333333332,0.5295833333333333,0
2012-07-13,7499,1511,2,5988,3,5,0.08085000000000002,0.7316666666666668,0.6679333333333332,0.48583333333333334,1
2012-07-14,6969,2355,3,4614,3,6,0.14367916666666666,0.7033333333333335,0.6660416666666668,0.6991666666666666,1
2012-07-15,6031,1920,3,4111,3,0,0.16666666666666666,0.7458333333333332,0.7051958333333332,0.7179166666666665,1
2012-07-16,6830,1088,3,5742,3,1,0.16418750000000001,0.7633333333333333,0.724125,0.645,0
2012-07-17,6786,921,2,5865,3,2,0.11442916666666668,0.8183333333333334,0.7556833333333336,0.5058333333333332,0
2012-07-18,5713,799,3,4914,3,3,0.13744166666666666,0.7933333333333334,0.7455833333333332,0.5770833333333332,0
2012-07-19,6591,888,3,5703,3,4,0.16542916666666665,0.7699999999999999,0.7146416666666667,0.6004166666666668,0
2012-07-20,5870,747,3,5123,3,5,0.20896666666666666,0.6658333333333332,0.6130249999999998,0.8441666666666663,0
2012-07-21,4459,1264,3,3195,3,6,0.21329999999999996,0.5958333333333331,0.5499125000000001,0.8654166666666666,1
2012-07-22,7410,2544,2,4866,3,0,0.09392083333333336,0.6675,0.6231249999999999,0.7624999999999998,1
2012-07-23,6966,1135,2,5831,3,1,0.13868333333333333,0.7416666666666667,0.6900166666666666,0.6941666666666664,0
2012-07-24,7592,1140,2,6452,3,2,0.21145416666666672,0.7508333333333334,0.7064499999999999,0.6549999999999999,0
2012-07-25,8173,1383,1,6790,3,3,0.16480000000000003,0.7241666666666666,0.6540541666666665,0.44999999999999996,1
2012-07-26,6861,1036,2,5825,3,4,0.2848125,0.7766666666666667,0.7392624999999998,0.5966666666666667,0
2012-07-27,6904,1259,1,5645,3,5,0.15299166666666666,0.7816666666666667,0.7342166666666667,0.5945833333333335,1
2012-07-28,6685,2234,1,4451,3,6,0.15734999999999996,0.7558333333333332,0.6976041666666668,0.6133333333333334,1
2012-07-29,6597,2153,1,4444,3,0,0.17039583333333339,0.7216666666666668,0.6679333333333332,0.62375,1
2012-07-30,7105,1040,2,6065,3,1,0.15361666666666668,0.7308333333333334,0.6849875,0.6687500000000001,0
2012-07-31,7216,968,3,6248,3,2,0.16542500000000002,0.7133333333333334,0.6628958333333332,0.7041666666666666,0
2012-08-01,7580,1074,3,6506,3,3,0.14117916666666666,0.7175000000000001,0.6673083333333332,0.6775000000000001,0
2012-08-02,7261,983,1,6278,3,4,0.12935416666666666,0.7525,0.7070875,0.6595833333333333,0
2012-08-03,7175,1328,2,5847,3,5,0.21579166666666663,0.7658333333333335,0.7228666666666669,0.6425000000000001,1
2012-08-04,6824,2345,1,4479,3,6,0.2574583333333333,0.7933333333333336,0.7512666666666669,0.6133333333333333,1
2012-08-05,5464,1707,3,3757,3,0,0.29042083333333335,0.7691666666666666,0.7310791666666668,0.6525,1
2012-08-06,7013,1233,3,5780,3,1,0.12935416666666666,0.7525,0.7102458333333331,0.6541666666666668,1
2012-08-07,7273,1278,3,5995,3,2,0.11690833333333334,0.7358333333333333,0.6976208333333331,0.7037499999999999,1
2012-08-08,7534,1263,2,6271,3,3,0.11069999999999998,0.75,0.7077166666666664,0.6729166666666666,1
2012-08-09,7286,1196,2,6090,3,4,0.1561,0.7558333333333334,0.6995083333333335,0.6204166666666667,0
2012-08-10,5786,1065,3,4721,3,5,0.23881249999999998,0.7158333333333333,0.6679416666666663,0.7158333333333332,1
2012-08-11,6299,2247,3,4052,3,6,0.20647916666666666,0.6925,0.6382666666666665,0.7329166666666668,1
2012-08-12,6544,2182,2,4362,3,0,0.12251249999999998,0.7008333333333333,0.6445791666666666,0.5304166666666666,1
2012-08-13,6883,1207,2,5676,3,1,0.1362125,0.7208333333333333,0.6622541666666664,0.5454166666666665,1
2012-08-14,6784,1128,3,5656,3,2,0.1691583333333333,0.7266666666666666,0.6767791666666665,0.6866666666666665,0
2012-08-15,7347,1198,2,6149,3,3,0.16977083333333332,0.7066666666666666,0.6540374999999999,0.6195833333333334,0
2012-08-16,7605,1338,1,6267,3,4,0.14179583333333332,0.7191666666666667,0.6546874999999999,0.5191666666666667,1
2012-08-17,7148,1483,3,5665,3,5,0.23135416666666667,0.7233333333333335,0.24239999999999998,0.5708333333333334,1
2012-08-18,7865,2827,3,5038,3,6,0.17786666666666665,0.6783333333333332,0.6180708333333335,0.6033333333333332,1
2012-08-19,4549,1208,3,3341,3,0,0.08645000000000001,0.6358333333333334,0.6035541666666665,0.7116666666666666,1
2012-08-20,6530,1026,2,5504,3,1,0.12997916666666665,0.6358333333333331,0.5959666666666666,0.7341666666666664,0
2012-08-21,7006,1081,3,5925,3,2,0.07277083333333334,0.6491666666666666,0.601025,0.67375,0
2012-08-22,7375,1094,3,6281,3,3,0.07028333333333332,0.6675,0.6218541666666665,0.6770833333333334,0
2012-08-23,7765,1363,2,6402,3,4,0.08459583333333333,0.6958333333333333,0.6370083333333333,0.6358333333333334,1
2012-08-24,7582,1325,2,6257,3,5,0.07214583333333334,0.7025,0.6471000000000001,0.6149999999999999,1
2012-08-25,6053,1829,3,4224,3,6,0.24440833333333334,0.6616666666666666,0.6186958333333331,0.7129166666666665,1
2012-08-26,5255,1483,3,3772,3,0,0.22885833333333327,0.6533333333333334,0.5959958333333331,0.8458333333333332,1
2012-08-27,6917,989,1,5928,3,1,0.12873333333333334,0.7033333333333335,0.6546875,0.7304166666666667,0
2012-08-28,7040,935,2,6105,3,2,0.190925,0.7283333333333334,0.6660499999999999,0.62,0
2012-08-29,7697,1177,1,6520,3,3,0.1125625,0.6849999999999999,0.6357333333333334,0.5520833333333331,0
2012-08-30,7713,1172,1,6541,3,4,0.07711666666666668,0.7066666666666667,0.6527791666666665,0.5904166666666668,0
2012-08-31,7350,1433,2,5917,3,5,0.1685333333333333,0.7641666666666668,0.6894,0.5874999999999998,1
2012-09-01,6140,2352,3,3788,3,6,0.11318749999999998,0.7533333333333334,0.7026541666666667,0.6383333333333333,1
2012-09-02,5810,2613,3,3197,3,0,0.06407083333333334,0.6966666666666667,0.6489999999999999,0.815,1
2012-09-03,6034,1965,2,4069,3,1,0.15112083333333332,0.7075000000000001,0.6616291666666664,0.7908333333333332,1
2012-09-04,6864,867,2,5997,3,2,0.23632083333333334,0.7258333333333332,0.6868874999999998,0.7549999999999998,0
2012-09-05,7112,832,2,6280,3,3,0.18780833333333333,0.7366666666666667,0.7089833333333332,0.7412499999999999,0
2012-09-06,6203,611,3,5592,3,4,0.14242083333333333,0.6966666666666669,0.6553291666666664,0.8104166666666667,0
2012-09-07,7504,1045,1,6459,3,5,0.17164583333333336,0.7033333333333335,0.6572041666666666,0.73625,0
2012-09-08,5976,1557,3,4419,3,6,0.28110416666666665,0.6591666666666668,0.6111208333333336,0.7991666666666667,1
2012-09-09,8227,2570,2,5657,3,0,0.22449583333333326,0.61,0.578925,0.5475,1
2012-09-10,7525,1118,1,6407,3,1,0.25871249999999996,0.5833333333333331,0.5656541666666667,0.50375,0
2012-09-11,7767,1070,1,6697,3,2,0.09205416666666666,0.5775,0.5542916666666667,0.5199999999999999,0
2012-09-12,7870,1050,1,6820,3,3,0.13184583333333336,0.5991666666666667,0.570075,0.5770833333333332,0
2012-09-13,7804,1054,1,6750,3,4,0.08272083333333334,0.6125,0.5795583333333333,0.6370833333333333,0
2012-09-14,8009,1379,2,6630,3,5,0.10386250000000001,0.6333333333333334,0.5940833333333334,0.6724999999999999,1
2012-09-15,8714,3160,2,5554,3,6,0.24752083333333333,0.6083333333333333,0.5858666666666666,0.5016666666666666,1
2012-09-16,7333,2166,1,5167,3,0,0.09018333333333335,0.58,0.563125,0.57,1
2012-09-17,6869,1022,3,5847,3,1,0.15174166666666664,0.5808333333333332,0.5530499999999997,0.7345833333333335,0
2012-09-18,4073,371,3,3702,3,2,0.3575875,0.6233333333333332,0.5650666666666668,0.8724999999999996,0
2012-09-19,7591,788,2,6803,3,3,0.21517499999999998,0.5524999999999999,0.5404041666666667,0.5366666666666667,0
2012-09-20,7720,939,1,6781,3,4,0.11816666666666664,0.5466666666666667,0.5321916666666667,0.6183333333333335,0
2012-09-21,8167,1250,1,6917,3,5,0.15422916666666664,0.5991666666666665,0.5719708333333332,0.6687499999999998,0
2012-09-22,8395,2512,1,5883,3,6,0.28358333333333335,0.6499999999999999,0.6104875000000002,0.6466666666666668,1
2012-09-23,7907,2454,2,5453,4,0,0.2232583333333333,0.5291666666666667,0.5189333333333334,0.4670833333333333,1
2012-09-24,7436,1001,2,6435,4,1,0.14240416666666667,0.5141666666666667,0.5025125,0.49291666666666667,0
2012-09-25,7538,845,1,6693,4,2,0.2363208333333333,0.5499999999999999,0.5441791666666667,0.5700000000000002,0
2012-09-26,7733,787,3,6946,4,3,0.24439999999999995,0.6349999999999999,0.5966125000000001,0.6308333333333332,0
2012-09-27,7393,751,3,6642,4,4,0.13434166666666666,0.6499999999999999,0.6079749999999998,0.6908333333333333,0
2012-09-28,7415,1045,3,6370,4,5,0.16417916666666668,0.6191666666666666,0.5858625000000001,0.6899999999999998,0
2012-09-29,8555,2589,2,5966,4,6,0.2276041666666666,0.5424999999999999,0.5302958333333333,0.5429166666666668,1
2012-09-30,6889,2015,3,4874,4,0,0.13495833333333332,0.5266666666666666,0.5176625,0.5833333333333334,1
2012-10-01,6778,763,3,6015,4,1,0.09080416666666667,0.5208333333333331,0.5120000000000001,0.6491666666666666,0
2012-10-02,4639,315,3,4324,4,2,0.104475,0.590833333333333,0.5423333333333334,0.8716666666666671,0
2012-10-03,7572,728,3,6844,4,3,0.06654583333333335,0.6575,0.5991333333333334,0.7937499999999997,0
2012-10-04,7328,891,3,6437,4,4,0.11754583333333331,0.6575,0.607975,0.7229166666666665,0
2012-10-05,8156,1516,1,6640,4,5,0.10635,0.615,0.5801875,0.6275,1
2012-10-06,7965,3031,2,4934,4,6,0.26802499999999996,0.5541666666666667,0.5385208333333332,0.6641666666666667,1
2012-10-07,3510,781,3,2729,4,0,0.1411625,0.41583333333333344,0.4198125000000001,0.7083333333333334,1
2012-10-08,5478,874,3,4604,4,1,0.1896791666666667,0.38333333333333336,0.38760833333333333,0.7095833333333333,0
2012-10-09,6392,601,3,5791,4,2,0.1903,0.4466666666666667,0.4381124999999999,0.7616666666666667,0
2012-10-10,7691,780,2,6911,4,3,0.18782083333333333,0.5141666666666667,0.5031416666666667,0.6308333333333335,0
2012-10-11,7570,834,1,6736,4,4,0.18159583333333332,0.435,0.43116666666666675,0.4633333333333333,0
2012-10-12,7282,1060,1,6222,4,5,0.23509166666666667,0.4375,0.4330708333333335,0.5391666666666668,0
2012-10-13,7109,2252,1,4857,4,6,0.1461416666666667,0.39333333333333337,0.3913958333333334,0.4945833333333333,1
2012-10-14,6639,2080,2,4559,4,0,0.2786125,0.5216666666666667,0.5082041666666668,0.6404166666666669,1
2012-10-15,5875,760,3,5115,4,1,0.2960375,0.5616666666666665,0.5391499999999999,0.7075,0
2012-10-16,7534,922,2,6612,4,2,0.1822208333333333,0.46833333333333343,0.46084583333333323,0.5583333333333336,0
2012-10-17,7461,979,2,6482,4,3,0.10137083333333334,0.45583333333333337,0.4501083333333333,0.6929166666666667,0
2012-10-18,7509,1008,2,6501,4,4,0.2369375,0.5225,0.5126250000000001,0.7283333333333332,0
2012-10-19,5424,753,3,4671,4,5,0.13495416666666665,0.5633333333333334,0.5378958333333332,0.8149999999999998,0
2012-10-20,8090,2806,1,5284,4,6,0.11753749999999998,0.4841666666666667,0.47284166666666666,0.5729166666666666,1
2012-10-21,6824,2132,1,4692,4,0,0.16605416666666664,0.46416666666666667,0.45642916666666683,0.5099999999999999,1
2012-10-22,7058,830,1,6228,4,1,0.08148333333333334,0.4875,0.48294166666666655,0.5683333333333332,0
2012-10-23,7466,841,2,6625,4,2,0.09454583333333332,0.5441666666666666,0.5303041666666667,0.6416666666666666,0
2012-10-24,7693,795,2,6898,4,3,0.07277916666666666,0.5874999999999999,0.5587208333333332,0.63625,0
2012-10-25,7359,875,2,6484,4,4,0.12437500000000001,0.5499999999999998,0.5296875,0.8004166666666664,0
2012-10-26,7444,1182,2,6262,4,5,0.1324666666666667,0.5458333333333333,0.52275,0.807083333333333,0
2012-10-27,7852,2643,2,5209,4,6,0.23569166666666663,0.5299999999999999,0.5151333333333333,0.7200000000000002,1
2012-10-28,4459,998,3,3461,4,0,0.3980083333333333,0.47750000000000004,0.4677708333333333,0.6945833333333332,1
2012-10-29,22,2,3,20,4,1,0.3582,0.44,0.4394,0.88,0
2012-10-30,1096,87,3,1009,4,2,0.21300909090909093,0.3181818181818181,0.3099090909090909,0.8254545454545454,0
2012-10-31,5566,419,2,5147,4,3,0.1666666666666667,0.3575,0.36110000000000003,0.6666666666666666,0
2012-11-01,5986,466,3,5520,4,4,0.15734583333333338,0.3658333333333334,0.3699416666666668,0.5816666666666666,0
2012-11-02,5847,618,2,5229,4,5,0.26617500000000005,0.35500000000000004,0.3560416666666668,0.5220833333333336,0
2012-11-03,5138,1029,2,4109,4,6,0.27052916666666665,0.34333333333333343,0.3238458333333334,0.49125000000000013,1
2012-11-04,5107,1201,2,3906,4,0,0.1791083333333333,0.32583333333333336,0.32953750000000004,0.5329166666666667,1
2012-11-05,5259,378,2,4881,4,1,0.23632499999999998,0.31916666666666665,0.30807500000000004,0.49416666666666687,0
2012-11-06,5686,466,2,5220,4,2,0.17351249999999996,0.2808333333333333,0.2815666666666666,0.5670833333333335,0
2012-11-07,5035,326,3,4709,4,3,0.30410833333333326,0.2958333333333334,0.2746208333333333,0.5475,0
2012-11-08,5315,340,3,4975,4,4,0.34783478260869566,0.35217391304347834,0.3418913043478261,0.33347826086956517,0
2012-11-09,5992,709,1,5283,4,5,0.2145583333333333,0.36166666666666664,0.35541249999999996,0.5408333333333333,0
2012-11-10,6536,2090,1,4446,4,6,0.057845833333333325,0.3891666666666667,0.39393750000000005,0.6454166666666666,1
2012-11-11,6852,2290,1,4562,4,0,0.12750000000000003,0.4208333333333332,0.4217125000000001,0.6591666666666666,1
2012-11-12,6269,1097,3,5172,4,1,0.17351666666666662,0.4849999999999999,0.4753833333333333,0.7416666666666667,1
2012-11-13,4094,327,3,3767,4,2,0.3420458333333333,0.34333333333333327,0.323225,0.6629166666666667,0
2012-11-14,5495,373,1,5122,4,3,0.19962499999999997,0.2891666666666666,0.2815625,0.5520833333333333,0
2012-11-15,5445,320,2,5125,4,4,0.1529875,0.3216666666666667,0.3244916666666667,0.6204166666666666,0
2012-11-16,5698,484,2,5214,4,5,0.17102499999999998,0.345,0.3472041666666667,0.5245833333333334,0
2012-11-17,5629,1313,2,4316,4,6,0.17972916666666663,0.325,0.32638333333333336,0.5454166666666668,1
2012-11-18,4669,922,2,3747,4,0,0.22761250000000008,0.3425000000000001,0.33774583333333325,0.6929166666666665,1
2012-11-19,5499,449,2,5050,4,1,0.23506666666666662,0.3808333333333334,0.3756208333333333,0.6233333333333334,0
2012-11-20,5634,534,2,5100,4,2,0.08272499999999998,0.3741666666666667,0.3806666666666667,0.685,0
2012-11-21,5146,615,2,4531,4,3,0.10324583333333331,0.35333333333333344,0.36489166666666667,0.6137499999999999,0
2012-11-22,2425,955,1,1470,4,4,0.05287083333333332,0.34,0.3503708333333333,0.5804166666666665,1
2012-11-23,3910,1603,2,2307,4,5,0.14802083333333335,0.36833333333333335,0.37877916666666683,0.5687500000000002,1
2012-11-24,2277,532,2,1745,4,6,0.3768708333333333,0.2783333333333334,0.2487416666666666,0.40458333333333335,1
2012-11-25,2424,309,2,2115,4,0,0.1505,0.24583333333333326,0.25758333333333333,0.46833333333333327,0
2012-11-26,5087,337,2,4750,4,1,0.046650000000000004,0.31333333333333335,0.3390041666666666,0.5354166666666668,0
2012-11-27,3959,123,3,3836,4,2,0.23756249999999998,0.29166666666666663,0.28155833333333335,0.7866666666666665,0
2012-11-28,5260,198,2,5062,4,3,0.21082083333333332,0.2966666666666667,0.2897625000000001,0.50625,0
2012-11-29,5323,243,1,5080,4,4,0.11552173913043479,0.28086956521739126,0.2984217391304348,0.5556521739130436,0
2012-11-30,5668,362,2,5306,4,5,0.05847083333333333,0.29833333333333334,0.32386666666666664,0.6495833333333334,0
2012-12-01,5191,951,2,4240,4,6,0.05970416666666667,0.29833333333333334,0.3169041666666666,0.8066666666666666,1
2012-12-02,4649,892,3,3757,4,0,0.12437916666666667,0.34750000000000014,0.35920833333333335,0.8233333333333333,1
2012-12-03,6234,555,2,5679,4,1,0.08272083333333333,0.4524999999999999,0.45579583333333334,0.7675,0
2012-12-04,6606,551,2,6055,4,2,0.17412916666666664,0.47583333333333333,0.4690541666666666,0.7337500000000001,0
2012-12-05,5729,331,3,5398,4,3,0.32402083333333326,0.43833333333333346,0.4280125000000002,0.48500000000000004,0
2012-12-06,5375,340,2,5035,4,4,0.17475416666666665,0.2558333333333334,0.2582041666666666,0.5087499999999999,0
2012-12-07,5008,349,3,4659,4,5,0.1306,0.32083333333333336,0.3219583333333333,0.7641666666666667,0
2012-12-08,5582,1153,2,4429,4,6,0.10137916666666665,0.38166666666666677,0.3895083333333335,0.91125,1
2012-12-09,3228,441,3,2787,4,0,0.15797499999999998,0.3841666666666666,0.39014583333333336,0.9054166666666665,0
2012-12-10,5170,329,3,4841,4,1,0.1903083333333333,0.43583333333333346,0.4355749999999999,0.9249999999999998,0
2012-12-11,5501,282,3,5219,4,2,0.2960375000000001,0.35333333333333344,0.33836250000000007,0.5966666666666666,0
2012-12-12,5319,310,2,5009,4,3,0.16293749999999999,0.2975,0.2973374999999999,0.5383333333333334,0
2012-12-13,5532,425,2,5107,4,4,0.17412916666666664,0.29583333333333334,0.2941875,0.4858333333333333,0
2012-12-14,5611,429,1,5182,4,5,0.13122916666666665,0.2816666666666667,0.2941916666666667,0.6429166666666667,0
2012-12-15,5047,767,2,4280,4,6,0.10635000000000001,0.3241666666666667,0.33838333333333326,0.6504166666666665,0
2012-12-16,3786,538,3,3248,4,0,0.10074166666666667,0.3625,0.3699375000000001,0.83875,0
2012-12-17,4585,212,3,4373,4,1,0.09825833333333334,0.39333333333333337,0.4015000000000002,0.9070833333333334,0
2012-12-18,5557,433,3,5124,4,2,0.22140416666666665,0.4108333333333334,0.4097083333333333,0.6662500000000001,0
2012-12-19,5267,333,1,4934,4,3,0.18409166666666665,0.3325,0.3421625,0.6254166666666666,0
2012-12-20,4128,314,3,3814,4,4,0.1324625,0.32999999999999996,0.3352166666666667,0.6679166666666666,0
2012-12-21,3623,221,3,3402,1,5,0.37438333333333335,0.32666666666666666,0.30176666666666657,0.5566666666666668,0
2012-12-22,1749,205,1,1544,1,6,0.4073458333333333,0.2658333333333333,0.2361125000000001,0.4412500000000001,0
2012-12-23,1787,408,1,1379,1,0,0.1330833333333333,0.24583333333333326,0.2594708333333333,0.5154166666666665,1
2012-12-24,920,174,3,746,1,1,0.0772304347826087,0.23130434782608705,0.25889999999999996,0.7913043478260867,1
2012-12-25,1013,440,3,573,1,2,0.1687260869565217,0.291304347826087,0.2944652173913044,0.7347826086956522,1
2012-12-26,441,9,3,432,1,3,0.31654583333333336,0.24333333333333337,0.2203333333333333,0.8233333333333333,0
2012-12-27,2114,247,3,1867,1,4,0.3501333333333334,0.2541666666666667,0.22664166666666666,0.6529166666666667,0
2012-12-28,3095,644,2,2451,1,5,0.15547083333333336,0.25333333333333335,0.2550458333333333,0.59,1
2012-12-29,1341,159,3,1182,1,6,0.12438333333333335,0.2533333333333333,0.24239999999999998,0.7529166666666667,0
2012-12-30,1796,364,2,1432,1,0,0.3507541666666667,0.25583333333333336,0.23170000000000004,0.4833333333333334,1
2012-12-31,2729,439,2,2290,1,1,0.15484583333333338,0.2158333333333333,0.22348750000000006,0.5775,0
