fips,never,rarely,sometimes,frequently,always
1001,5.3,7.4,13.4,29.5,44.4
1003,8.3,5.9,9.8,32.3,43.6
1005,6.7,12.1,12,20.1,49.1
1007,2,3.4,9.6,27.8,57.2
1009,5.3,11.4,18,19.4,45.9
1011,3.1,4,14.4,28.6,50
1013,10.2,5.3,25.7,13.7,45.1
1015,15.2,10.8,13,16.7,44.2
1017,11.7,3.7,15,13.6,56
1019,13.5,2.7,16.1,15.8,52
1021,6,7,5.8,19.4,61.8
1023,4.9,3.8,12.6,21.9,56.8
1025,4.9,8.8,16.4,26.8,43
1027,14.8,15.8,19.5,16.9,32.9
1029,15.1,12.5,13.8,21.7,36.8
1031,10.1,15.2,9.4,18.6,46.6
1033,8.2,9.6,15.2,15.9,51
1035,9.9,5.2,25.9,19.2,39.9
1037,5.5,13.1,16.7,26.3,38.4
1039,18.7,12.8,12.9,20.1,35.6
1041,6,9.1,19.9,23.3,41.6
1043,13,2.4,24.9,21.7,37.9
1045,8.9,11.3,11.8,22,46
1047,9.5,10,15.9,12.2,52.4
1049,8.4,5.1,10.6,17.9,58
1051,4.2,9.5,12.7,25.2,48.5
1053,11.4,2.6,18.8,28.5,38.7
1055,9.6,10.3,17.8,12.2,50.1
1057,13.8,4.8,15.1,23.3,42.9
1059,6.5,7.1,22.3,15.6,48.4
1061,17.6,13.1,8.9,15.8,44.5
1063,3,5.3,12.7,16.7,62.3
1065,2.6,6.1,8.4,19.1,63.9
1067,6.6,6.8,17,25.8,43.8
1069,8.5,7.9,13.5,26.8,43.3
1071,9.2,8.9,11,24.9,46
1073,4.9,3.7,10.7,17.9,62.8
1075,10.7,4.5,13.2,18.9,52.7
1077,9.3,11.9,14.1,17.9,46.9
1079,16.2,8,8.8,25.1,41.9
1081,5.3,6.4,13.8,18.3,56.2
1083,10.2,3.4,13.3,33.6,39.5
1085,12,7.3,14.5,19.9,46.4
1087,0.8,3.3,24.1,17.2,54.5
1089,6.2,5,12.3,17.7,58.9
1091,3.3,15.1,11.8,18.6,51.2
1093,12.9,6.4,24.6,20.7,35.3
1095,7.5,6.4,12.9,25.3,47.9
1097,7.7,7,10.2,24.4,50.6
1099,11.2,4.1,18.2,28.8,37.8
1101,5.6,9.5,12.3,21.2,51.3
1103,7.8,7.7,8.2,30.4,45.9
1105,2.5,8.4,8.7,18.7,61.8
1107,3.1,6,16.9,15.7,58.4
1109,6,13.1,14.5,33.3,33
1111,15.8,22.6,10.5,14.4,36.8
1113,6.9,6.7,8,21.3,57
1115,2.7,13.4,14.4,20,49.5
1117,2.2,7.5,11.8,24,54.5
1119,5.5,6.8,11.8,19.7,56.2
1121,11.3,15,20.8,16.9,36.1
1123,6.7,9.5,13.6,29.6,40.6
1125,4.1,3.6,14.4,24.7,53.2
1127,9,8.1,14.5,25.6,42.9
1129,1.8,7.7,10.2,30.7,49.5
1131,6.1,9.8,19.9,18.7,45.5
1133,13,4.6,32.8,18.3,31.2
2013,6.7,3.2,3.4,31.6,55.1
2016,7.8,3.1,3,33.7,52.4
2020,4.2,5,4.9,19.6,66.3
2050,10.1,2.2,1.4,45,41.3
2060,4.8,3.7,4.2,30.8,56.4
2068,6.2,8.1,6.7,22.5,56.5
2070,7.2,2.5,2.7,39.1,48.4
2090,9.4,8.4,17.5,23.4,41.3
2100,5.5,5,12.3,41.9,35.2
2105,5.1,6.4,13,39.9,35.6
2110,5.1,6.7,13.3,39.6,35.3
2122,4.3,4.7,5.1,19.7,66.2
2130,2.5,14.9,17.4,25.6,39.6
2150,4.2,4.3,4.9,23.3,63.3
2158,10.3,2.2,0.7,52.1,34.7
2164,5.5,3.6,4,29.9,57.1
2170,4.2,5.1,4.8,19.8,66
2180,8.6,6.1,0.9,54.4,30
2185,3.6,5.9,23.5,21.5,45.5
2188,3.5,18.8,5.1,47.4,25.2
2195,4.2,9.5,14.8,34.9,36.5
2198,3.3,12.5,16.1,30,38
2220,4.8,7.7,13.7,38.1,35.7
2230,5.8,3.8,11.6,43.5,35.4
2240,6.4,7.1,14,27.2,45.3
2261,4,4.9,5.2,19.7,66.3
2275,3.5,11.9,16,31.2,37.4
2282,4.7,1.2,7.8,38.1,48.1
2290,4.4,4.7,12.6,42.5,35.8
4001,5.5,6.3,3.1,15,70.1
4003,5.3,2.5,14.7,19.4,58.1
4005,3.9,8,7,11,70.2
4007,7.3,1.4,3,33.6,54.7
4009,9.5,6.7,23.7,4.9,55.3
4011,11.1,8.9,16.7,8.9,54.4
4012,3.1,6.4,16.2,17.3,57
4013,2.3,2.5,5.9,15.8,73.4
4015,5.1,9.6,10.4,16.4,58.5
4017,9.1,10.8,5.9,13.9,60.2
4019,2.3,2.4,7.3,12.1,75.9
4021,3.3,5.5,9.6,14.8,66.7
4023,2.8,0.2,5.8,7.4,83.7
4025,3.1,7.3,8.1,17.6,63.9
4027,0.8,1.3,4.6,12.9,80.4
5001,1.9,7.3,13.4,21.6,55.7
5003,2.3,10.3,16.3,11.7,59.5
5005,15,10.4,10.8,10.4,53.4
5007,8.1,3.4,8.3,16,64.3
5009,12.9,14.5,12.2,18.9,41.6
5011,9.4,10.2,17.5,18.4,44.5
5013,14.5,13.2,10.8,21.1,40.4
5015,11.1,6.8,11.5,12.9,57.7
5017,10.4,7.4,19.3,9.7,53.1
5019,8,9.1,8,23.1,51.8
5021,8.2,12.4,15.7,24.2,39.5
5023,3.6,6.5,9.3,25.9,54.6
5025,10.7,3,16,23.1,47.2
5027,24.1,7.2,5.4,25,38.3
5029,7.1,12,13.7,34.7,32.5
5031,7.8,12.3,13.8,34.1,32
5033,15.5,10,16.7,21.1,36.7
5035,5.9,1.7,11,30.6,50.8
5037,9.7,1.7,16.3,31.9,40.4
5039,19.7,5.5,9.3,19.6,45.9
5041,7.8,3.3,19,18.9,50.9
5043,6.3,4.9,20.7,15.9,52.3
5045,6.6,2.7,7.7,40.3,42.6
5047,14.9,7.9,24.5,18.7,34
5049,10.5,12.1,22.6,19.7,35.1
5051,2.5,10.2,6.8,21,59.6
5053,8.2,4.3,12.7,25.8,48.9
5055,6.2,14.1,15.4,34.6,29.7
5057,9.8,7.3,9.6,17.9,55.4
5059,5.9,8.6,7.9,21.6,56
5061,8.1,7,14.5,14.5,56
5063,13.7,15.6,8.8,17.9,44
5065,8.6,12.1,13.3,23,43
5067,11.6,10.3,13.5,17.9,46.8
5069,4.2,3.6,17.2,17.3,57.7
5071,14.4,10.3,20.5,22.1,32.8
5073,12,8.2,7.8,23.4,48.6
5075,8.5,12.8,15.3,29.8,33.7
5077,10.3,3.2,19.5,26.3,40.7
5079,3.5,1.6,19.4,20.1,55.4
5081,7.4,12.1,10.6,20.1,49.9
5083,14.8,11,12,14.3,47.9
5085,4.8,4.5,13.6,29.7,47.4
5087,7.5,8.8,15.9,11.4,56.4
5089,17.1,11.2,11.9,10.8,49
5091,6.4,12.4,10.6,21.9,48.7
5093,3.3,10.9,13.4,28.4,44
5095,6.8,12.8,12.7,27.1,40.6
5097,8.1,9.5,13.6,16.6,52.1
5099,14.3,4.8,8.4,22.4,50.1
5101,10.7,14,8.4,26.1,40.8
5103,15.1,9.7,6,24.2,44.9
5105,9.8,5.1,8,36.7,40.4
5107,5.2,6.1,13.4,27.6,47.7
5109,6.4,6.1,20,17.6,50.1
5111,7.7,9.8,14.1,28.7,39.7
5113,18,8,21.7,7.6,44.6
5115,8.2,15.1,18.1,28.5,30.2
5117,6.2,17,10.3,27.3,39.1
5119,2.8,2.7,12.6,17.5,64.4
5121,5.1,14.5,20.3,28.9,31.1
5123,8.7,0.7,28.9,26.7,35
5125,6.6,4.4,15.4,21.2,52.4
5127,15.5,14,12.4,12.3,45.8
5129,10,8.8,12.5,14.9,53.8
5131,12.1,14.2,15.7,20.8,37.2
5133,12,9.3,15.5,16.5,46.7
5135,6.7,15.8,22,22.2,33.3
5137,6.7,9.2,11,23.4,49.8
5139,11.6,17.9,9.8,26.2,34.4
5141,3.3,6,9.6,27.2,53.9
5143,3.4,2.8,10.1,18.6,65.1
5145,2.6,5.4,15.2,27.7,49.1
5147,5.9,4.8,20.8,23.1,45.4
5149,11.6,10,11.2,19.8,47.4
6001,1.9,0.8,5.5,12.3,79.5
6003,2.5,8.5,8.8,19,61.2
6005,4.5,1.3,9.9,18.8,65.5
6007,1.5,4.3,11.1,20.4,62.6
6009,4.5,1.9,9.8,27.6,56.2
6011,2.7,3.1,9.2,15.1,70
6013,1.8,1.6,3.9,12.1,80.6
6015,1,13.5,11.2,19.6,54.7
6017,2.8,4.2,7.2,18.3,67.5
6019,2.1,2.2,5.9,15.6,74.1
6021,2.8,2.6,14.6,20.6,59.4
6023,4.2,0.6,1.8,6.9,86.5
6025,0.1,0.5,3,12.8,83.6
6027,3.3,1.1,0.8,5.8,88.9
6029,2.2,2.8,10.5,17.7,66.8
6031,7.5,1.6,4.9,9.4,76.6
6033,0.3,0.4,0.7,13.6,84.9
6035,6.4,6.8,16.2,22.5,48.2
6037,2.1,1.3,4.9,13.1,78.6
6039,1.9,5.9,4.8,12.4,75.1
6041,1.1,0,4.6,14.1,80.2
6043,1,9.4,4.9,18.6,66.1
6045,0.2,0.3,0.4,22.2,77
6047,2.6,3.6,8.9,14.6,70.3
6049,6.8,1.9,9.5,20.4,61.5
6051,1.1,2.6,1.2,7,88
6053,2.3,0.6,6.6,14.1,76.3
6055,1.7,2.6,3.3,14.9,77.3
6057,0.3,5.4,8.4,17.7,68.2
6059,2.3,2.1,4.6,15.6,75.4
6061,1.2,2.3,7.2,20.1,69.3
6063,6.3,6.7,5.3,14.6,67.1
6065,2.6,1.4,4.1,11.6,80.3
6067,2.5,2.8,6.2,16.4,72.2
6069,1.8,0.4,6.3,17.5,73.9
6071,2.7,2.2,4.8,13.4,76.8
6073,1.7,2.3,3.4,12.6,80
6075,1.7,1.1,3.5,12.1,81.7
6077,5.4,1.9,8.1,16.5,68
6079,2.5,2.4,3.7,16.9,74.5
6081,1.6,1.3,5.8,12.6,78.6
6083,1.5,2,7.5,15.3,73.7
6085,1.5,1.4,4,16.8,76.4
6087,0.8,0,8.6,10.9,79.7
6089,9.5,5.6,7.1,23.2,54.7
6091,14,5.3,4.7,14.3,61.7
6093,13.2,7.4,8.2,16.7,54.6
6095,4.3,4.6,3.5,14.8,72.8
6097,2.2,1.2,2.2,14.9,79.5
6099,3.2,2.8,6.2,17.3,70.5
6101,5.8,3.1,8,16.3,66.9
6103,5.7,6.2,14.1,19.5,54.5
6105,8.1,7,5.5,20.1,59.2
6107,2.5,3.9,11.5,13.6,68.5
6109,0.8,4.3,8.4,21.2,65.3
6111,2.4,1.1,3.3,15.6,77.7
6113,0.7,0.5,4,15.6,79.1
6115,5.7,3.5,7.1,16.7,66.9
8001,3.2,2.7,7.1,18.5,68.5
8003,5.2,13.3,9.4,22.8,49.3
8005,1.3,2.6,6.5,19.3,70.3
8007,4.1,4.1,15.5,27.6,48.8
8009,11.3,5.3,19.4,20.6,43.5
8011,3.3,3.6,17.2,19.1,56.7
8013,0.8,1.5,3.2,19.5,75
8014,1.8,0.5,4.2,20.1,73.4
8015,3.8,4.5,13.4,13.8,64.5
8017,1.6,18.7,10.6,39.8,29.2
8019,0.2,1.5,13.8,12.3,72.3
8021,6,10.6,9.3,19.5,54.5
8023,3.4,7.2,7.6,17.5,64.4
8025,0.2,3.4,8,29.4,59
8027,1.7,9.8,15.3,23.4,49.8
8029,8.7,9.4,7.4,29.5,45
8031,2,1.8,6.2,19.4,70.7
8033,5.2,3.9,6.6,25.2,59.1
8035,1.3,4.1,8.1,19.2,67.3
8037,0.8,0.3,3.3,26.9,68.7
8039,1.6,4.4,19,24.6,50.5
8041,3.1,8.9,8.1,19.6,60.3
8043,0.6,6.9,6.2,20,66.3
8045,6.5,4,3.7,32.6,53.2
8047,0.1,2.7,1.7,17,78.5
8049,0.6,0.2,5,18.7,75.4
8051,5.7,3.9,4.3,28.1,58.1
8053,4.3,5,11.7,27.1,51.9
8055,2.8,5.1,5.1,27.5,59.5
8057,2.1,2.7,9,34.2,52
8059,2.8,3.1,7.5,19.4,67.3
8061,2.8,5.1,15.9,27,49.2
8063,2.4,32.3,11.9,34.4,19
8065,0.2,1.6,3.6,19.3,75.3
8067,4.3,2,12.2,27.4,54.1
8069,1.3,3.7,6,23.1,65.9
8071,5.2,3,10.1,17,64.8
8073,1.3,6.8,19.6,40.3,32.1
8075,7.8,20.2,10.1,36.8,25.1
8077,7.5,10.5,9.8,22.2,49.9
8079,4.9,7.2,13.8,26.4,47.8
8081,4.1,14.2,16.2,28.4,37.1
8083,5.7,1.9,8.1,25.7,58.6
8085,8.5,9.2,7.4,31.4,43.6
8087,8.3,16.1,11.6,24.5,39.6
8089,0.4,4.7,10.2,19.4,65.3
8091,6,8,6.9,29.5,49.5
8093,2.1,1.8,10.3,13.7,72.2
8095,5,19,13.7,25.5,36.8
8097,1.9,1.4,1.6,31.8,63.3
8099,7.9,4.6,20.5,20.1,46.9
8101,1.8,4.4,7.4,28,58.4
8103,11.1,9.2,7.4,26.5,45.8
8105,6.1,14.4,11,24.2,44.4
8107,0.8,3.6,9.2,37.5,48.9
8109,6.5,12.2,13.8,23.2,44.3
8111,3.2,3.8,9.7,27,56.3
8113,4.3,5.8,7.4,26,56.5
8115,6.5,16.2,13.8,26.7,36.8
8117,0,0.1,6.4,15.1,78.4
8119,10.5,8.7,6.6,14.5,59.7
8121,7.7,20.8,10.1,30.3,31
8123,4.6,3.8,13.5,23.1,55
8125,3.8,28.4,13.3,25.5,29
9001,2.7,1.9,6,11.4,78
9003,1.5,2.3,6.5,13,76.7
9005,1.7,5.1,2.1,9.8,81.2
9007,0.3,0.7,5.5,12.8,80.7
9009,2.3,1.4,5.3,11.5,79.5
9011,2.5,2.1,6.6,14.2,74.7
9013,0.8,0.8,2.7,14.7,81
9015,2.2,4.1,8.2,13.7,71.8
10001,2.6,0.6,10.6,5.1,81.1
10003,2.7,1.3,4.1,13.3,78.6
10005,0.5,0.1,3.5,10.3,85.6
11001,1.2,1.3,6.9,16.4,74.3
12001,0.1,2.4,5.3,17,75.1
12003,8.7,7.6,18,21.5,44.2
12005,6.5,10.9,7.6,20.2,54.8
12007,10.6,16.8,17.2,17.3,38.1
12009,6.8,7.3,9.6,15.7,60.7
12011,2.6,2.3,4.3,11.7,79.1
12013,3.4,5.5,13.8,26.7,50.7
12015,5.1,4.9,10.1,15.8,64
12017,9,3.6,8.7,17.8,60.9
12019,5.5,6.7,15,20.9,52
12021,4,2.3,6.7,21.2,65.8
12023,4.7,2.6,28.8,25.4,38.5
12027,2.3,6.4,5.6,14.2,71.5
12029,7.1,9.5,11.9,31.8,39.7
12031,4.9,4.2,8.6,19.4,62.9
12033,1.9,5.2,9.5,31,52.4
12035,7.9,5,11.3,15.7,60.2
12037,2.2,10.1,23.7,22.8,41.2
12039,6,3.3,10.4,22.7,57.5
12041,1.6,15.1,6.9,32.4,44
12043,4.7,8.2,9.8,9.6,67.7
12045,4.6,12.5,12,24.9,46
12047,10.1,7.1,23.5,22.7,36.5
12049,11.4,4.1,17.9,18.6,48
12051,4.6,4.2,11.2,15,65
12053,9,4,9.1,19,58.9
12055,2.5,5.6,14.5,13.8,63.5
12057,2.3,3.1,6.9,15.5,72.2
12059,17,7.7,8.1,11.1,56.2
12061,5.4,6.5,8.2,19.3,60.7
12063,6.4,10.8,12.9,17.4,52.6
12065,1.9,1.7,9.9,18.3,68.2
12067,10.2,8.1,22,20.8,38.9
12069,4.7,6.2,7.4,18.5,63.2
12071,5.2,5,7.3,17.6,64.8
12073,5.1,2.2,7.1,15.6,70
12075,1.7,13.2,7.2,18.7,59.2
12077,2.2,2.3,20.5,26.8,48.2
12079,16.4,8.5,14.8,26.4,34
12081,7.4,3.7,6.2,20.1,62.6
12083,4.6,8.7,12.1,20.3,54.3
12085,2.7,1.8,6.6,16.9,71.9
12086,3.2,2.3,6,12.8,75.6
12087,0.7,0.1,1.4,15.9,81.9
12089,9,7,14.7,22.3,47
12091,9.1,8.3,14.7,21,46.9
12093,1.6,3.4,6.4,17.1,71.5
12095,2,2,7.2,16.4,72.4
12097,2.5,2.2,5.8,17.6,72
12099,3,2,5,11.6,78.4
12101,2.7,2.9,5.5,17.9,70.9
12103,2.5,1.9,7.4,13.3,75
12105,5,6.3,8.5,17.2,63
12107,6.8,5,11.4,18.6,58.1
12109,4.7,7.1,9.7,22.3,56.1
12111,7.7,2.2,8,17.3,64.8
12113,4.7,6.8,16.6,26.5,45.3
12115,1.7,3.1,7.3,17.5,70.4
12117,3.7,3.9,6.6,14.1,71.7
12119,3.7,3.6,6.4,23.5,62.8
12121,10.5,5.5,24.4,22.7,36.9
12123,10.3,8.6,19,14.5,47.6
12125,4.4,4,17.6,26.7,47.3
12127,3.5,6.6,8.9,19.2,61.8
12129,3.2,9.2,17.2,27.5,42.9
12131,9.2,6,9.2,24.4,51.2
12133,13.8,8.5,6.2,15.8,55.7
13001,8.5,11.7,23,15.2,41.6
13003,5.9,10,17.9,21.7,44.5
13005,7.1,13.2,18.7,18.8,42.1
13007,2.7,4.8,5.4,12.7,74.3
13009,2,8.9,10.7,29,49.4
13011,13.6,10.3,12.5,23.8,39.9
13013,6.3,8.6,9.2,19,56.8
13015,21.5,5,12.3,14.3,47
13017,12.9,7.8,10.9,20.2,48.3
13019,7.3,9.8,15.6,21.4,46
13021,4.3,9.4,17.6,20.1,48.7
13023,8.9,3.1,11.7,25.6,50.8
13025,4.7,12.9,15,16.4,51
13027,9.2,16.5,12.4,23.5,38.5
13029,3.3,3.9,9.5,23.8,59.5
13031,5.3,4.9,16.3,31,42.4
13033,10.5,10.9,8.7,20.8,49.2
13035,12.5,3.7,14.4,16.3,53
13037,1.3,3.5,4.3,17.2,73.7
13039,13.6,12.5,17,11.3,45.6
13043,3.7,4.5,17.7,26.4,47.7
13045,8.9,13.3,15.4,16.8,45.7
13047,14.3,15.2,11.4,21.7,37.5
13049,6.5,9.4,15,19.6,49.5
13051,3.5,4,14.4,15.8,62.4
13053,6.1,7.2,10.8,21.4,54.5
13055,11.6,10.2,18.7,14.3,45.1
13057,4.9,5.4,10,21.3,58.4
13059,5.4,5.7,6,22.6,60.3
13061,2.8,6.6,12,22.3,56.2
13063,3.8,5.4,12.5,15.9,62.4
13065,6,5.8,13.4,16.8,58
13067,3.9,4.9,11.6,22.5,57.2
13069,8.5,12.4,16.4,22.2,40.4
13071,10.8,19.1,7.4,23.3,39.4
13073,6.1,6.4,9.5,23.4,54.7
13075,9.8,13.4,12.3,20.3,44.1
13077,10.5,5.3,18.3,20.4,45.5
13079,5.7,5.1,23.1,19.2,46.8
13081,11.9,2.3,6,16.3,63.5
13083,12.8,22.2,13,24.9,27
13085,4.9,9,12.8,16.2,57.1
13087,9.3,4,17.1,18,51.6
13089,3.6,2.8,7.5,15.6,70.4
13091,14.5,2.5,15,23.6,44.3
13093,7.7,3.4,5.8,20.4,62.7
13095,3.3,3.7,4.5,15.9,72.6
13097,8.3,3.7,9,19.8,59.1
13099,4.5,6.2,15.6,25.3,48.5
13101,9.7,7.3,18.2,20.2,44.6
13103,4.4,6.4,14.5,27.2,47.5
13105,13.2,17.7,8.1,10.7,50.3
13107,6.2,4.4,14.2,25.2,50
13109,3,7.8,22.9,29,37.2
13111,7.5,8.8,12.5,11.2,60
13113,6,8.6,13.1,21.8,50.5
13115,18.6,3.6,23.4,14.8,39.5
13117,3.5,4.8,8.3,19.3,64.1
13119,16.8,7.4,11.7,21.5,42.5
13121,2.6,3.6,8.9,18.7,66.2
13123,12.8,4.2,8.7,19.8,54.5
13125,15.6,6.6,10.7,13,54.1
13127,4.8,7.1,14.5,25.1,48.5
13129,17.2,10,20.1,15.7,36.9
13131,6.3,13.9,11.6,26.4,41.7
13133,6.2,4.6,5.7,17.6,65.8
13135,3.6,5.4,8.1,19,63.9
13137,6.3,10,11.6,29.2,43
13139,6.1,6.9,12.8,19.8,54.5
13141,4.3,11.1,10.2,16.8,57.5
13143,18.4,12.3,16.5,18.4,34.5
13145,9.3,8.1,6.1,21.3,55.1
13147,9.2,6.1,14,20.7,50
13149,12.6,9.4,16.6,14.4,47.1
13151,10.3,4.8,9.1,18.1,57.8
13153,3.2,7.9,13.6,17.2,58.1
13155,9.8,9.1,12.6,22.4,46
13157,12.5,8.5,11.7,24,43.4
13159,8.2,5.9,18.1,11.8,56
13161,12.4,13.8,16.5,18.3,39
13163,25.1,5.5,9.9,10.2,49.3
13165,11.4,5.3,8.4,26.1,48.8
13167,11.9,5.3,10.9,25.1,46.8
13169,4.9,8.7,22.6,20.9,43
13171,7,6,17.1,29.3,40.6
13173,10.2,7,14.5,18.1,50.2
13175,12.2,5.6,14.1,29.1,39.1
13177,3.5,3.3,3.9,16.2,73.2
13179,0.7,9.9,6.6,21.5,61.4
13181,7.3,10.4,11.1,23.3,47.9
13183,1.4,11.9,8.6,15.9,62.1
13185,10.8,10.1,14.9,20.8,43.5
13187,3.5,8.6,13,24.5,50.4
13189,7.2,5.3,12.3,26.5,48.8
13191,3.4,7.6,18.8,22.1,48.1
13193,7.8,4.9,11.3,21,55
13195,16.5,8.4,5.5,18.6,51.1
13197,8.4,12,16.7,19.6,43.3
13199,10.9,8.6,13.8,15,51.7
13201,6.4,5.6,18.2,15.9,53.9
13205,4.4,11.2,5.5,15.9,63
13207,7.2,3.5,18.4,25.3,45.5
13209,11.4,8.3,17.4,22.8,40.1
13211,6.1,6.4,9.3,16.8,61.4
13213,19.3,3,18.2,17.7,41.7
13215,6.3,7.3,8.3,22.5,55.5
13217,9.4,7.6,12.3,20.7,50
13219,4.9,6.3,9.5,18.1,61.1
13221,5.6,8.2,5.4,18.1,62.7
13223,9.7,6.8,10.8,23.3,49.4
13225,2.7,7.4,17.2,16,56.7
13227,3.8,11.8,10.1,18.8,55.5
13229,5,14.3,12.7,15.7,52.2
13231,5.9,6,14.7,19.2,54.2
13233,10.6,7.1,19.2,14.5,48.5
13235,7.9,3.1,9.8,21.8,57.5
13237,5.9,9.3,11.8,21.4,51.6
13239,5.3,15,9.5,16.3,53.8
13241,10,8.3,12.4,22.9,46.4
13243,1.6,6.5,5,20,66.9
13245,6.8,5.9,11.4,18,57.8
13247,5.8,7.8,11.5,21.6,53.4
13249,7,10.2,11.7,21.4,49.7
13251,19.8,6.9,8.1,24.2,41
13253,7.3,7.9,20.2,13.5,51
13255,7.2,3.8,17.9,20.2,50.9
13257,8.7,11.6,11.6,31,37
13259,5.5,9.2,13.3,20.3,51.7
13261,5.5,5.6,4.6,20.2,64.1
13263,16.8,8,8.9,17.1,49.2
13265,6.5,4.8,8.6,15.8,64.4
13267,5.1,7.6,21.4,22.4,43.4
13269,12.6,6.9,18.2,20.1,42.2
13271,15.6,7.5,13.4,20.8,42.7
13273,1.9,2.9,3,16.7,75.5
13275,2.6,9.6,12,22.8,53
13277,6.6,8.8,12.2,22.7,49.6
13279,9.7,6.9,17.9,22.6,42.9
13281,7.6,9.6,9.8,19.9,53.1
13283,9.6,7,16.8,26.7,39.9
13285,17.5,3.1,11.9,17.8,49.7
13287,14.1,4.2,9.4,17.5,54.7
13289,4,7.7,18.8,14.8,54.7
13291,6.5,11.9,8.7,16.8,56
13293,16,10,11.4,20.6,42.1
13295,14.4,16.4,11.7,21,36.6
13297,10.6,12.7,18.4,14.1,44.2
13299,6.1,10.8,10.9,16.6,55.6
13301,9.5,6.5,14,22.6,47.4
13303,10.4,7,5.3,15.7,61.7
13305,2.9,13.9,14.3,13.9,55
13307,1.9,6.4,10.3,21,60.3
13309,13.5,7.8,16.2,23,39.5
13311,5.7,6.4,9.9,34.7,43.3
13313,18.5,6.8,20.3,14.2,40.3
13315,17.3,1.7,8.3,15.7,56.9
13317,8,8.6,11.4,17.2,54.8
13319,3.9,6.2,14.1,22.4,53.4
13321,6.9,5.6,8.3,18.7,60.5
15001,1,3.2,3.7,12.2,79.9
15003,1.1,1.2,2.7,15.1,79.8
15005,2.6,1.3,3.2,8,85
15007,0,2.1,4.6,10.8,82.5
15009,3.4,1.6,2.5,12.2,80.3
16001,11.8,7.8,8.4,19.4,52.6
16003,9.4,21.6,21.8,21.8,25.4
16005,8.4,19.3,17.6,19.5,35.2
16007,15.1,12,10.2,24.3,38.5
16009,3.8,5.9,15,15.2,60.1
16011,9.5,19.7,17.5,22.9,30.4
16013,15.5,10.7,10.2,13,50.6
16015,5.7,3.8,3.8,54.9,31.8
16017,8.8,11.6,11.9,24.1,43.6
16019,9.6,20.2,18.8,24.7,26.8
16021,4.5,17.1,6.1,18.5,53.7
16023,10.7,21.3,15.9,22.2,29.8
16025,18.6,3,4.7,9.8,63.9
16027,11.3,9.5,17,24,38.1
16029,10,18.1,19.1,20.2,32.6
16031,13.4,22.3,10.2,14.9,39.2
16033,11.9,22.8,19.6,23.9,21.8
16035,3.7,11.2,12.7,25,47.5
16037,6.9,2.9,19.9,24.4,45.8
16039,20.6,4.4,3.8,17.3,53.9
16041,13.1,11.8,8.5,25.6,41
16043,11.1,20.6,20.2,24.7,23.3
16045,11.9,13.6,11.1,19.8,43.6
16047,21.1,20.2,8.9,15.3,34.5
16049,4.5,9.4,16.4,27.5,42.3
16051,9.9,20.8,19.2,24.9,25.2
16053,17.5,21.9,9.6,16.7,34.3
16055,14.6,10.5,17,22,35.9
16057,0.2,1.2,6.6,32.8,59.2
16059,10.9,17.3,23.1,12.5,36.2
16061,2.7,7.3,15.7,28.5,45.9
16063,18,20,10.5,13.5,37.9
16065,10.1,20.7,19.6,25,24.5
16067,13.4,21.9,10.6,15.2,39
16069,0.9,3,11.7,32.6,51.7
16071,8.3,17.3,15.3,18.5,40.6
16073,12.3,13.7,14.6,17.1,42.3
16075,8.1,19.9,17.4,24.2,30.4
16077,7.8,20.5,15.2,18.5,38.1
16079,6.8,14.4,29.9,14.7,34.2
16081,9.9,18.9,19,25,27.2
16083,16.6,22.2,10.1,17.7,33.5
16085,4.1,11.8,10.2,37.8,36.1
16087,13.6,13,32.4,17.2,23.9
17001,18,9.2,18.9,19,35
17003,11,8.2,14.8,26.2,39.8
17005,7,5.5,10.8,21.8,54.9
17007,2.5,0.6,6.5,24.4,66
17009,18,9.9,13.6,20,38.5
17011,1.2,1.9,15.6,20.8,60.5
17013,8.2,6,21.9,36.6,27.3
17015,3,6.4,12,19,59.6
17017,10.3,8,19,18.7,44.1
17019,0,6.7,8,19.2,66.1
17021,5.9,5.7,9.1,19,60.3
17023,12.7,8.9,10.7,22.6,45.1
17025,6.2,11.5,14.5,30.6,37.2
17027,10.2,6.3,8.3,16.6,58.7
17029,11.2,5.5,20.1,22.1,41.1
17031,2.3,2.1,7.2,16.2,72.2
17033,14.6,19.6,4.7,21.9,39.2
17035,9.5,7.5,19.4,21.2,42.4
17037,0.7,1.2,3.4,19.1,75.6
17039,3.5,10.6,7.3,28,50.7
17041,4.8,6.1,10.5,19.1,59.4
17043,1,1,5.6,16.3,76
17045,17.4,9,13.1,20.8,39.8
17047,8.6,14.8,23.3,30.6,22.8
17049,7.2,7.2,21.4,23.2,41
17051,6.9,7.6,15.6,22.9,47
17053,1.1,8.2,16.7,17.2,56.7
17055,9.9,16.6,11.9,21.1,40.5
17057,1.6,3,31.1,19.9,44.4
17059,20.1,6,12.8,23.8,37.3
17061,13.6,2.9,10.9,21.7,50.8
17063,5.6,5.6,10.5,18.3,59.9
17065,13.8,17.9,10,21,37.3
17067,14.7,15.4,12.5,16.3,41.1
17069,16.3,7.2,23.5,19.1,34
17071,9.6,4.4,10.1,15.5,60.4
17073,6.7,7.2,6.1,20.3,59.7
17075,9.7,16.8,6.9,24.2,42.4
17077,6.6,7.8,15.1,20.9,49.6
17079,9.9,13.5,13.1,25.4,38
17081,12.2,12.6,8,27.9,39.3
17083,7.4,7.9,12.4,18.5,53.7
17085,3.4,10.4,22,17.8,46.5
17087,12.4,5,18.9,14.1,49.6
17089,1.3,2.6,4.8,16.5,74.8
17091,4.4,8.4,9.6,24.9,52.7
17093,0.1,0.9,6.5,13.6,78.8
17095,3.5,3.1,19.4,24.6,49.4
17097,2,1.8,4.6,14.6,76.9
17099,1.8,4.6,11.3,26.7,55.6
17101,19.7,15.7,10.5,28.1,26
17103,1.3,5.4,5.8,22.4,65
17105,3,14.7,8,23.4,51
17107,4.6,4.5,23,12.8,55.1
17109,4.1,9.1,9.7,18.2,59
17111,3,1.2,6.6,17.6,71.6
17113,8.5,6.2,9.1,20.1,56.1
17115,1.6,6.2,8.8,28.6,54.9
17117,1.5,5,14.7,22.7,56.1
17119,3.5,4.5,8.3,18.9,64.8
17121,10,9.3,10.1,30.2,40.4
17123,4.8,8.3,13.3,19.8,53.8
17125,23.8,3.1,29.2,12.6,31.3
17127,9.7,4.3,23.2,25.6,37.3
17129,10.2,4.7,13.8,17.2,54
17131,3.9,6.6,11,21.5,57.1
17133,0.3,4,11.2,17.4,67
17135,1.8,5,9.1,31.6,52.5
17137,5,6.2,17.7,17.8,53.3
17139,8.1,7.3,21.3,24.3,39
17141,5.3,4.5,12.9,18.4,58.9
17143,3.9,3.6,9.6,25.1,57.7
17145,5.5,9.2,10.4,35.8,39.2
17147,0.3,5.2,6,19.8,68.8
17149,13.8,7.9,21.8,20.5,36
17151,10.4,5.4,21.3,21.4,41.5
17153,11.7,6.4,18.9,22.5,40.5
17155,2.1,2.5,16.8,25.1,53.5
17157,0.8,3.2,11.7,39.1,45.2
17159,11.1,15.1,10.7,30,33.1
17161,7.8,2.5,6.6,23.5,59.6
17163,3.2,2.7,3.7,13.8,76.7
17165,11.7,10.6,11.1,20.4,46.2
17167,1.7,3,15.5,23.3,56.4
17169,13.2,10,15.2,19.8,41.7
17171,11.3,5.7,14.8,16.2,52
17173,7,4.7,16.8,24.5,46.9
17175,1.3,10.1,5.8,15.5,67.2
17177,3.6,5.9,4.1,22.2,64.4
17179,4.4,4,14.1,21.5,56
17181,10,7.8,16.2,19.5,46.6
17183,2.3,11.9,8.8,26.6,50.4
17185,7.8,11.3,27.1,32.5,21.2
17187,4.2,2,14.1,27.6,52.2
17189,11.8,4.6,5.3,32.7,45.6
17191,8.6,14.2,12.8,30,34.5
17193,19,14.4,9.5,23.9,33.2
17195,2.5,6.6,4.2,21.8,64.9
17197,4.1,2.4,6.2,13.4,73.9
17199,9.5,12.2,13.6,18.3,46.4
17201,3.1,3,8.9,19.3,65.7
17203,6.2,6.7,11.2,24.2,51.7
18001,13.6,4.7,16,34.8,30.9
18003,7,14,9.9,22.8,46.4
18005,13.8,8.4,8.5,28.6,40.6
18007,8.2,12.6,11.2,18.3,49.6
18009,9.3,15.2,10.6,20.3,44.7
18011,5.2,8.5,14.2,30.8,41.3
18013,5.5,6.1,4.1,18.4,66
18015,5.9,10.4,17,22,44.7
18017,3.7,19.2,28.3,20.6,28.3
18019,6.8,6,14.1,22.8,50.1
18021,12.2,7.3,11.2,22.6,46.6
18023,8.8,3.3,13.2,28.5,46.2
18025,6.7,8.9,11.8,26.1,46.5
18027,4.9,6.1,13,21.4,54.6
18029,8.3,10,16.8,27.7,37.1
18031,17.5,8.3,10.1,20.4,43.7
18033,10.9,7.4,11.8,14.9,55
18035,9.5,10.9,12.4,19.7,47.5
18037,1,10.5,8.6,25,55
18039,3,9.7,9.4,25.2,52.8
18041,16.1,4.1,4.8,23.7,51.4
18043,5.3,8.6,15.4,23.3,47.4
18045,7.7,8.9,14.7,21.2,47.4
18047,7,8.2,10.4,19.9,54.5
18049,14.2,11.4,12.8,21.7,39.9
18051,9,10,20.4,25.5,35.1
18053,5.3,10.8,13.3,31.1,39.3
18055,9.9,2.7,8.1,23.5,55.8
18057,7,5.1,4.9,23.4,59.6
18059,6.8,4,16.6,30.6,42
18061,9.4,8.4,20.5,25.8,35.9
18063,5.4,5.2,11.3,25.7,52.3
18065,18.3,14.8,12.5,11.1,43.4
18067,0.8,8.3,18.3,30.1,42.6
18069,15,18.2,5.3,19.9,41.6
18071,9.7,9.8,10.5,38.8,31.2
18073,18.6,10,6.5,32.8,32.1
18075,14.1,13.9,15.7,23.5,32.8
18077,8.3,21.9,21.8,22.5,25.5
18079,9.5,10.5,17.2,30.8,31.9
18081,5.7,9.4,10,19.2,55.7
18083,15.8,12.5,12.1,25.9,33.8
18085,7.3,14.7,8.9,19.5,49.6
18087,5.9,8.2,17.1,23.6,45.2
18089,4.3,5.7,8.8,21.9,59.2
18091,8.4,7.5,16.8,20.6,46.6
18093,9.2,11.7,10.9,19.1,49.1
18095,6.2,8.4,15,14.5,55.9
18097,5.1,5.3,11.6,23.2,54.8
18099,12,10.3,15.9,22.9,38.9
18101,4.1,6.4,12.3,22.3,55
18103,5.4,12.5,25.3,22.6,34.3
18105,3.7,3.7,9.4,24.2,59.1
18107,7,11.6,16.8,15.6,49
18109,6,13.1,13.6,18.8,48.5
18111,10.2,15.3,9.2,33.8,31.6
18113,5.7,11,13.5,19.7,50
18115,6,7.8,18,22.3,45.9
18117,9.6,8.6,7.3,31.5,43
18119,9.4,3.8,8.7,28.2,50
18121,11.6,11.1,17.4,19.5,40.5
18123,1,10.9,8.7,25.2,54.2
18125,5.2,8.9,16.3,20,49.5
18127,5,10,10.8,23.1,51.2
18129,13.2,5.6,11.5,22.6,47.2
18131,13.5,21.9,17.1,25.3,22.3
18133,7.5,16.2,20.4,19.4,36.6
18135,12.8,13,22.8,17.9,33.6
18137,5.4,7.4,15,29.4,42.9
18139,13.3,11.8,6.3,27.9,40.8
18141,3.1,4,10.2,22.8,59.8
18143,3.6,7.3,16.8,26.3,46
18145,16,5.7,17.7,19.3,41.3
18147,1.7,13.4,10.4,21.6,52.9
18149,17.7,15.1,8.8,21.9,36.5
18151,4,8.9,17,16.9,53.2
18153,12.7,7.1,7.7,20.7,51.7
18155,8.9,12.5,20.9,23.4,34.4
18157,9.3,8.3,10.2,20.4,51.8
18159,3.3,8.2,8.9,44.4,35.2
18161,9.5,5.3,10.6,17.8,56.9
18163,7,3.9,11.5,23.4,54.2
18165,11.3,10.5,13.4,22.3,42.6
18167,11.8,6.4,10.2,25,46.6
18169,7,11,23.7,20.2,38.1
18171,7.9,11.5,9.2,22.3,49.2
18173,4.5,3.8,11.7,25.2,54.8
18175,9.7,7.4,6.2,35.6,41.1
18177,16.2,9,13.8,26.1,34.8
18179,20.5,5,7.7,33.7,33.2
18181,5.6,17.7,19.4,18.9,38.4
18183,6.1,18.6,13.2,16,46
19001,7.3,12.8,12.8,30.7,36.4
19003,14.8,11,15,31.1,28.1
19005,13.8,4.9,13.2,21.2,46.9
19007,4.4,11,23.9,19.3,41.3
19009,22.4,7.3,19.4,18.7,32.2
19011,9.8,6.7,13,20,50.4
19013,3.2,5.3,18,28.9,44.7
19015,9,8,10,19.7,53.3
19017,4.8,6.2,19.7,26.8,42.4
19019,2.1,12.4,8.7,39.4,37.3
19021,18.3,6.2,26,20.7,28.8
19023,5.2,9.4,20.8,23,41.7
19025,21.2,11.7,21.3,15.3,30.4
19027,15.3,11,24.1,13.9,35.8
19029,34.1,7,12.4,23.8,22.7
19031,2.6,9.6,14.2,35.5,38.1
19033,6.1,36.5,14.6,21.3,21.5
19035,18.3,10.5,22.1,18.2,30.9
19037,7.5,13.6,19.7,23.6,35.6
19039,7.8,16.7,14.3,19.4,41.8
19041,22.4,3.5,11.2,18.9,44.1
19043,12.3,8.4,13.7,28.4,37.1
19045,9.2,13,7.9,26.9,43
19047,8.9,4.5,14.1,6.4,66
19049,3.6,10.2,11.8,26,48.5
19051,3.8,10.1,24.9,20.1,41.1
19053,24.8,13.2,25.8,6.8,29.4
19055,3.5,13.7,13.7,40.8,28.3
19057,13.5,8.1,10.9,12.2,55.3
19059,27.6,2.7,9.1,17.3,43.3
19061,3.7,15.5,18.9,18.9,43
19063,24.1,8.3,6.7,18.1,42.8
19065,5.4,7.5,12.8,34.9,39.4
19067,6.3,27.1,14.8,25,26.8
19069,8.8,27.8,18.7,18.6,26.1
19071,4.8,6.1,7.1,20.9,61.1
19073,11.6,14.1,23.5,15.3,35.4
19075,3.8,4.2,20.3,23.8,48
19077,16.2,7.3,14.3,28.3,34
19079,14.3,11.8,12.9,15.3,45.7
19081,8,38.4,14.6,17.4,21.6
19083,7.4,7.5,19.5,21.4,44.1
19085,11.8,4.4,9.4,17.8,56.5
19087,12.3,14.2,9.1,18.3,46.1
19089,7.7,15.1,17.6,18.3,41.3
19091,24.3,26.8,14.7,10.2,24
19093,15.3,9.4,24.6,12.8,38
19095,2.7,14.9,13.5,23.9,45
19097,3.2,9.6,22.9,23.2,41.1
19099,10.2,10.5,23.3,21.2,34.7
19101,7.4,11.6,22.1,19.1,39.8
19103,1.4,4.4,6.9,20,67.3
19105,4,10.5,16.5,33.6,35.5
19107,3.5,12.6,28.7,28,27.2
19109,13.5,31.8,10.1,17.3,27.2
19111,17,14.6,13.1,16.1,39.2
19113,3.9,8.1,11.5,20.1,56.3
19115,9.7,5.8,15,21.4,48.2
19117,3.2,20.4,19.6,18.5,38.4
19119,7.8,17.3,15.7,24.7,34.4
19121,1,10.2,13.6,26.8,48.4
19123,6.9,6.7,29.4,28.3,28.7
19125,5.3,4.9,20.9,26,42.9
19127,7.7,6.4,15.3,22.6,48
19129,6.4,8.4,9.1,28.1,48.1
19131,4.6,28.2,14.9,26,26.3
19133,7.8,6.9,8.7,12.7,64
19135,3.4,7.8,25.6,24.7,38.5
19137,21.8,3.4,8.4,37.8,28.6
19139,12,2.2,22.1,27.3,36.4
19141,17.3,5.4,26.7,18.7,31.9
19143,19.5,5.1,23.3,19.9,32.2
19145,8.8,5.3,6.8,31,48.1
19147,19.9,11.6,8.8,17.9,41.9
19149,12.5,14.5,16.6,16.2,40.2
19151,21.4,12.4,16.2,16.5,33.5
19153,4.4,8.9,13.6,25.9,47.3
19155,11.5,8.3,14.7,26.4,39
19157,12.1,14.5,18.7,16.4,38.3
19159,14.4,13.8,28.1,16.2,27.5
19161,18,7.1,28.6,15.9,30.3
19163,7.5,2.7,12.6,27.7,49.4
19165,9.9,5.9,18.2,14.5,51.6
19167,12,6,28.5,20,33.5
19169,4.5,7.5,7.1,23.5,57.4
19171,6.6,5.3,20.9,18.1,49.1
19173,9,15.1,18.5,28.2,29.2
19175,3,12.5,17.2,21,46.2
19177,10.7,12.8,17.5,21.8,37.2
19179,3.4,8.2,29.3,22.1,37
19181,5.5,18.2,18.1,24.5,33.7
19183,3.5,10.2,12.3,15.1,58.9
19185,13.8,14.8,25.2,12,34.2
19187,20.9,16.7,16.1,10.1,36.2
19189,7,32.9,17.6,19.7,22.8
19191,12.2,4.4,15.1,17.7,50.5
19193,11.3,16.5,13.7,16,42.5
19195,7.2,27.1,17.5,23.1,25.1
19197,17.2,29.9,17.3,12.5,23.2
20001,15.3,21.2,12.6,16.7,34.1
20003,18.9,6.3,13.7,26.7,34.4
20005,13.7,12.2,16.9,25.6,31.6
20007,6.9,14.7,11.8,32.9,33.6
20009,10.7,13.1,12,21.1,43
20011,16.7,14.6,7.7,12,49
20013,8.9,14.9,18.3,19.7,38.2
20015,5.3,13.3,12.2,22.2,47
20017,15.1,8.2,21.2,22.5,33.1
20019,12.8,13.7,18.5,21.4,33.7
20021,13.1,12.1,16.4,17.4,41
20023,6.5,27,17.4,23.5,25.6
20025,16.3,13,12.6,23.2,34.8
20027,8.1,6.9,11.5,22.9,50.7
20029,15.4,7.7,11.8,21.7,43.4
20031,8.5,11.9,16.5,40.4,22.7
20033,11.2,14.4,12.8,27.1,34.6
20035,7.5,9.3,28,13.1,42.1
20037,10.8,14.3,11.8,13.9,49.2
20039,16.3,11.8,21.1,23.5,27.3
20041,10.6,11.8,14.8,24.3,38.5
20043,13.7,19.3,18.4,21.4,27.2
20045,0.6,0.9,2.4,22.7,73.4
20047,5.2,8.6,13.5,22.1,50.6
20049,6.1,5,29.5,28.2,31.2
20051,15.4,15.4,22.4,14.8,32
20053,17.4,13.3,13.3,18.7,37.3
20055,16.6,8.9,16.3,23.9,34.3
20057,14.3,8.4,14.3,23.2,39.9
20059,6.3,6,15.9,35.4,36.4
20061,5,6.8,11.3,27,49.9
20063,24,8.9,23.4,15.1,28.7
20065,21.8,15.6,24.7,12.9,25
20067,14,10.8,15,23.1,37
20069,15.8,9.2,14.6,24,36.4
20071,13.5,13.1,18.1,22.9,32.3
20073,3.4,7.9,25.6,30.2,33
20075,13.1,9.5,18.9,21.7,36.8
20077,7.9,11.8,21,19.3,40
20079,7.5,5.8,12.1,32.3,42.3
20081,15.3,10.7,13.7,23.9,36.4
20083,12.6,7.5,16.3,22.5,41.2
20085,1,11.6,16.1,13.6,57.7
20087,2.6,6.9,9,18.2,63.4
20089,17.1,14.2,8.7,25.9,34
20091,2.9,1.9,7.5,22.4,65.4
20093,15.5,9.8,17.2,22.9,34.6
20095,8.1,21.2,11.4,12.8,46.4
20097,6.2,10.7,12.8,23.3,46.9
20099,16.8,12.3,9.1,14.7,47.1
20101,19.7,7.5,19.7,20.4,32.6
20103,8.7,13.5,9.2,14.2,54.4
20105,17.1,13.2,16,16.3,37.5
20107,14,5.3,12.1,28.5,40
20109,20.6,13.1,19.4,18.9,28
20111,11.3,11.1,13.3,30,34.4
20113,12,6.5,10.6,31.3,39.6
20115,10.1,6.8,20.9,27.9,34.3
20117,4.8,4.9,23.3,26.3,40.7
20119,16.4,12.3,11.5,23.5,36.2
20121,7.1,4.4,9.5,25,54
20123,17.3,11.6,14.4,18,38.8
20125,16.4,13.2,10.2,19.5,40.7
20127,11,9.4,14.8,24.4,40.4
20129,12,11.3,14.4,21.8,40.5
20131,3.5,9.4,20.3,23.6,43.2
20133,13.3,20.4,12,12.7,41.6
20135,15,8.3,19.9,19.8,37.1
20137,16.1,16.3,17.7,22.5,27.5
20139,1.8,9,8.8,24,56.4
20141,17.4,23.3,16.3,13.6,29.3
20143,13.1,11.7,16.4,19.1,39.6
20145,5.3,9.6,13.7,21.7,49.7
20147,15,24.4,12.6,19,29
20149,1.2,5.7,14.5,23.6,55
20151,2,18.3,10.1,30.9,38.7
20153,12.8,17.4,20.9,22,26.8
20155,13.5,7.7,14.3,19.1,45.4
20157,18.3,7.3,7.6,29.5,37.3
20159,15.3,8.6,11,24.1,41
20161,3,5,12.4,26.1,53.5
20163,17.9,22,21.8,12.3,26
20165,11,12.2,18.2,18.3,40.3
20167,16,17.4,17.4,15.7,33.5
20169,12.6,13.3,17.5,20.9,35.7
20171,19.7,9,19,21,31.3
20173,6,5.5,12.6,26,49.9
20175,13.8,14,9.2,22.6,40.3
20177,0.9,7.8,9.5,18.4,63.3
20179,23.1,11.2,23.6,15.4,26.7
20181,10,27,15.9,24,23.1
20183,14.2,25.7,8.8,19.5,31.9
20185,4.1,12.5,10.9,25.2,47.2
20187,12.7,9.8,17.2,21.6,38.8
20189,12.2,13.2,11.2,22.5,40.8
20191,10.4,3.9,11.5,29.8,44.4
20193,18.8,15.7,20.8,18.4,26.3
20195,20.3,11.5,25.6,13.7,29.1
20197,1.1,7.7,12,20.1,59.1
20199,12.8,21,15.4,24.6,26.2
20201,14.8,7.5,11.1,23.4,43.2
20203,17.3,11.2,18.4,21.9,31.3
20205,12.5,14.8,14.5,18.4,39.8
20207,9.2,17.5,17.1,24.7,31.4
20209,2.5,5.6,7.6,17.8,66.5
21001,7.6,11.5,16.7,24.3,39.9
21003,10.1,7.2,9.7,21.1,51.9
21005,6.2,1,4.4,48.3,40.1
21007,10.7,3.3,19.8,25.7,40.4
21009,5.3,9.3,9,17.6,58.8
21011,7.6,5.8,8.4,33.9,44.3
21013,14.6,9.4,12,19.9,44
21015,8,8.7,8.1,23.2,52
21017,2.4,3.7,4.2,12.9,76.9
21019,8.4,12.5,20.2,23.5,35.4
21021,9.2,3.7,11.2,16.1,59.8
21023,5.6,24.9,6.5,23.8,39.2
21025,11.4,8.1,12.6,24.1,43.8
21027,2.3,14.6,17.7,13.8,51.7
21029,3.7,9.1,15.6,18.1,53.5
21031,6.6,9.7,13.3,17,53.5
21033,5.9,6.7,26,17.7,43.8
21035,6.6,8.4,24.8,17,43.2
21037,7.3,8.5,13.4,27.8,43
21039,10.4,4.5,18.8,23.6,42.8
21041,15.5,17.1,12,20.8,34.6
21043,6.9,10.2,12.2,32.4,38.3
21045,16.4,7.6,16.1,15.4,44.4
21047,6,11.8,17.8,27.9,36.5
21049,8.3,9.3,11,23.3,48
21051,15.3,8.2,16.5,16,44
21053,9.6,11.5,24.8,16.5,37.5
21055,12.1,11.7,29,15.3,31.9
21057,6.7,10.6,22.4,22.9,37.4
21059,5.5,5.7,12.2,23.6,53.1
21061,5.5,5.7,8.6,17.9,62.4
21063,11.7,10,5.1,28.9,44.3
21065,8.2,15.1,9,27.5,40.2
21067,3.1,5.1,6.6,20.2,65
21069,6.8,6.9,7.5,28.7,50.2
21071,13.1,6.6,12.9,13.4,54
21073,8.8,3.6,14.2,21.4,52.1
21075,10,10.2,20.2,21.7,38
21077,7.6,4.8,19.8,21.1,46.6
21079,7.7,4.3,6.3,27.6,54
21081,4.7,5.6,18.3,10.6,60.8
21083,10.3,6.9,26.6,22.2,34
21085,4.3,4.2,13.4,15.4,62.7
21087,6.3,7.6,12.7,24.7,48.8
21089,9.2,10.1,23.6,22.8,34.2
21091,1.9,8,12.1,23.5,54.6
21093,5.7,6.2,10.6,21.7,55.8
21095,7.6,9.3,9.8,12.6,60.6
21097,7.3,4.4,3.1,4.7,80.4
21099,5.3,3.4,11.8,18.5,61
21101,7.2,6.1,13.6,22.9,50.1
21103,9.3,8.2,17.4,25.4,39.8
21105,9.7,6.5,22.1,20.2,41.5
21107,4,6.7,17.4,21.7,50.2
21109,18.3,6.8,9.2,23.5,42.1
21111,3.6,4.8,8.3,23,60.2
21113,2.2,3.6,10.4,21,62.8
21115,10.2,5.3,10.6,12.7,61.2
21117,5.2,5.6,14.6,24.5,50
21119,15.7,7.3,13,14.2,49.7
21121,18.7,7.3,10.3,16.5,47.1
21123,7.4,5.3,9,21.3,57
21125,20.1,4.7,8.3,15.2,51.7
21127,15.5,9.1,15.1,12.5,47.9
21129,12.9,6.9,12.9,27.3,39.9
21131,9.4,10.3,14.2,17.4,48.7
21133,7.8,5,12.7,12.2,62.4
21135,5.7,8.1,21,29.6,35.7
21137,17.2,5.4,9.3,17.2,50.9
21139,8,10,29,19.1,33.9
21141,9.9,10,8,19.8,52.3
21143,5.2,11,31.6,13.8,38.4
21145,8.5,5.8,23.2,25.5,37
21147,9.6,11.6,14.3,20.3,44.1
21149,8.1,10.5,10.7,24.9,45.9
21151,8.8,9.4,11.4,23.3,47.1
21153,10.7,7.8,11.1,16.4,54
21155,4.6,8.2,7.4,14.4,65.4
21157,6.1,8.3,28,18,39.5
21159,10.8,5.5,9.6,10.4,63.7
21161,5.6,11.9,6.1,28.4,47.9
21163,1.8,15.4,11.5,15.4,55.9
21165,16.1,8.8,6.7,21.5,46.8
21167,4.7,1.2,17.8,19.5,56.7
21169,4.8,10.9,13.4,22.2,48.7
21171,8.2,13.4,18.5,15,44.8
21173,3,4.1,8.5,39.2,45.2
21175,13.3,11.6,7.1,18.2,49.8
21177,3.5,15.4,12.3,20,48.8
21179,3.3,10.6,6.8,24.4,54.8
21181,2.3,2.5,9,27.1,59.1
21183,6.4,14.5,10.9,19,49.2
21185,2.5,3.9,9.8,27.8,56
21187,9.1,3.9,11.4,19.8,55.8
21189,12.1,5.8,15.7,28.2,38.2
21191,3.5,12.1,10.3,12.9,61.3
21193,12.3,9.3,11.1,17.1,50.2
21195,9.6,8.8,12.3,14.8,54.5
21197,11.2,9.9,10.2,23.2,45.5
21199,13,12.3,9.6,16.4,48.7
21201,4.8,12.3,3.9,20.4,58.6
21203,21.5,7.9,7.5,15.7,47.4
21205,15.9,9.7,4.7,23.1,46.7
21207,9.6,13.8,19.5,20.6,36.5
21209,4,4.4,7.6,8.1,75.9
21211,9.2,10.7,5.4,26.1,48.7
21213,13.7,6.6,16.2,20.8,42.6
21215,3.2,5.8,4.7,41,45.3
21217,7.3,7.3,11.1,21,53.3
21219,5.8,14.7,13.5,26.6,39.4
21221,6.6,5.3,13.1,15.2,59.7
21223,13.4,17.2,13.5,21.7,34.2
21225,21.1,7.9,22.9,17.2,30.9
21227,7.6,6.7,6.3,18.5,60.9
21229,3.5,6.6,11.6,22.1,56.2
21231,10.2,15.1,16,16.9,41.7
21233,8.8,8.4,16.7,21,45.1
21235,17.6,6.2,11.3,17.4,47.6
21237,14,9.5,11.4,20.3,44.8
21239,4.2,1.7,4.9,19.3,69.8
22001,12.2,11.1,13.8,26.5,36.2
22003,19.6,7,11.8,20,41.6
22005,4.9,9.2,14.2,14.8,56.9
22007,7.9,3.4,21.3,20.6,46.8
22009,13,9.2,7.3,24.6,45.9
22011,8.6,6.9,16.9,19.1,48.6
22013,7.8,5.2,17,29.1,40.9
22015,6.8,9.6,14.4,22.5,46.8
22017,5.8,7.9,15.8,20.9,49.7
22019,10.2,13.9,7.7,21.2,47.1
22021,10.2,6.1,9.8,24.1,49.8
22023,8.9,12.7,7.9,20.1,50.5
22025,11,5.6,8.6,14.7,60
22027,14.6,6.8,4,27.3,47.3
22029,11,10.4,11.2,9.5,57.9
22031,3.5,7.5,13.2,16.2,59.6
22033,5.2,3.1,9,18.3,64.2
22035,2.2,4.6,12.1,13.7,67.4
22037,6.7,5.3,9.5,36.6,42
22039,21.5,7.7,11.1,21.1,38.7
22041,12.3,5.4,10.2,15.6,56.5
22043,8.6,4.1,10.9,22.9,53.5
22045,11.2,8.4,8.5,25.3,46.7
22047,6.1,2.1,8.4,19,64.4
22049,11.6,8.3,12.7,29,38.3
22051,4.4,3.1,6.6,17.4,68.5
22053,24.9,11.1,9,19.6,35.4
22055,6.2,8.3,10.5,21.7,53.3
22057,7.8,3.9,15.9,15.1,57.3
22059,8.2,3.5,8.9,22.3,57.1
22061,10.2,8,11.1,29,41.7
22063,6,4.3,14.4,29,46.3
22065,3.4,6.8,10.9,17.2,61.7
22067,3.9,10.5,12.4,16.6,56.6
22069,9.6,6.3,11.3,16.7,56.1
22071,1.9,3.4,8.7,20.6,65.4
22073,7.6,9.8,12.1,22.9,47.6
22075,6.5,3.5,16.5,22.2,51.3
22077,4.4,8.2,6.8,19.8,60.8
22079,10.6,4.6,8.7,23.6,52.4
22081,6.8,8.1,13.5,18.9,52.7
22083,6.6,8,12.6,19.4,53.4
22085,9.8,8,11.3,14.5,56.4
22087,3.5,7.5,13.6,23,52.4
22089,9.3,4.8,2.7,16.5,66.7
22091,6.4,12.6,13.8,23.7,43.4
22093,3.4,9.9,20.2,6.1,60.3
22095,9.6,5.9,19,7.9,57.7
22097,6.4,10.5,11.7,19.9,51.5
22099,6.9,11,9.6,17.8,54.8
22101,6.6,2,17.9,28,45.4
22103,3.1,7.3,7.4,21.1,61.1
22105,6.6,7.2,10.3,19.3,56.6
22107,8.1,6.4,9.7,13.4,62.5
22109,6.8,5.2,14,22.1,51.9
22111,7.1,14.2,10.6,24.4,43.6
22113,7.6,8.8,11.5,27.1,44.9
22115,9.2,6.6,14.5,24.4,45.3
22117,10.3,4.6,14.8,24.2,46.1
22119,13.4,4.4,6.3,26.5,49.4
22121,4.4,4,7,19.7,64.9
22123,2.2,6.3,12.4,11.4,67.7
22125,7.2,13,3.7,26.5,49.6
22127,8.6,10.6,13,23.6,44.3
23001,8.3,9.9,4.1,19.9,57.7
23003,14.3,4.7,12,24.3,44.7
23005,5,5.3,4.6,18.2,66.9
23007,0.6,6.3,19.1,16.1,57.9
23009,3.4,5.2,11.8,20.2,59.4
23011,1.6,7.4,12.5,24.5,54
23013,0.7,1,11.1,24.8,62.5
23015,3.1,1.4,6.5,20.4,68.8
23017,6.9,6.5,6.4,21.3,58.9
23019,3.8,7.1,8.5,18.9,61.7
23021,6.2,14.6,12.3,18.9,47.9
23023,6.1,2.6,3.3,21.6,66.4
23025,3.5,9.5,14.2,17,55.8
23027,2.3,6,15,18.2,58.5
23029,2.6,3.2,12.6,20.4,61.2
23031,7.6,3.6,6.1,17.3,65.5
24001,0.7,1,3.5,21.3,73.6
24003,1.8,2.2,6.7,15.4,73.9
24005,1.3,2.4,4.3,14.2,77.7
24009,4.9,4.9,7.1,11,72
24011,0.9,1.9,3.3,16.8,77
24013,1.4,0.8,6.2,17,74.6
24015,0.9,1.8,5.4,18.2,73.8
24017,3.5,3.4,10.7,15.7,66.7
24019,2,0.6,1.1,11.9,84.4
24021,2.8,3.6,6.2,11.3,76.2
24023,7.7,0.8,4,30.5,57.1
24025,0.8,0.9,3.7,16.8,77.8
24027,2.4,1.5,6.7,17,72.3
24029,0.5,1.4,6,20.7,71.4
24031,2.5,2.9,4.1,12.8,77.7
24033,8.7,3.4,6.4,9.4,72
24035,0.2,4.2,4.1,30.9,60.5
24037,4,0.9,3.6,15.2,76.3
24039,0.4,1,4.7,12.8,81.2
24041,1.2,1.2,0.6,12.7,84.3
24043,3.1,4.7,8.5,19.4,64.2
24045,0.6,1.1,6.3,11.6,80.4
24047,0.3,0.4,4.2,11,84.2
24510,2.4,3.2,6.3,14.8,73.3
25001,1.9,0.7,2.6,10.9,83.9
25003,3,0.4,4.9,8.2,83.4
25005,1.6,2,5.6,16.1,74.7
25007,0.6,1,3.7,16,78.6
25009,2.3,1,4.7,13.1,78.8
25011,4.3,1.1,2.8,15.6,76.2
25013,1.3,1.7,5.5,13,78.6
25015,1.1,0.6,1.7,10.9,85.7
25017,2.3,1.1,4.1,12.7,79.8
25019,1.5,0.3,3.4,15.6,79.2
25021,2,1.5,3.5,12.5,80.5
25023,1.4,1.7,4.5,11.2,81.2
25025,2,0.7,4.9,13.6,78.8
25027,2,2.7,4.3,14.2,76.8
26001,6.5,4.6,13.3,18,57.6
26003,2.5,3.4,11.8,22.9,59.5
26005,5,3.5,13.3,28.3,50
26007,2.5,4,14.4,18,61.2
26009,2.7,4.2,8.8,21.8,62.5
26011,5.2,13.6,7.6,25.2,48.4
26013,1.2,6.3,10.9,25.7,55.8
26015,4.3,12.1,12.1,21.1,50.4
26017,1.4,5.5,10.3,20.2,62.7
26019,1,4.9,6.2,16.4,71.5
26021,3.9,3.7,12.2,24.7,55.5
26023,7.2,9.1,20.5,23.4,39.9
26025,6.3,12.1,7.8,17.8,55.9
26027,4.6,7.6,12.3,27.4,48
26029,2.7,5.7,8.5,20.5,62.6
26031,2.7,5.2,8.6,25.2,58.4
26033,3,2.2,6.8,28.7,59.3
26035,5,2.6,10.2,30.8,51.4
26037,3.3,5.6,4.6,26.3,60.3
26039,4.3,5,6.1,18.1,66.6
26041,5.8,2.3,17,21.7,53.2
26043,4.3,6.5,12.7,24.9,51.6
26045,4.7,3.9,14.7,24.7,52
26047,2.5,6.2,7.5,21.9,61.8
26049,3.2,4.3,10.4,28.8,53.3
26051,2.5,2.4,10.9,33.8,50.3
26053,3.9,6.4,13.9,25.7,50.1
26055,0.4,4.1,8.2,20,67.2
26057,5.7,7.4,10.5,16.9,59.6
26059,13.5,7.5,11.9,24.7,42.4
26061,0.8,7.8,12.9,28.1,50.5
26063,8,7.2,3.2,27.1,54.4
26065,6.2,3,7.6,23.7,59.5
26067,3.5,20.3,13.9,22.9,39.4
26069,10,8.4,9.9,20.6,51.1
26071,4.6,6.8,12.6,22.7,53.3
26073,9.6,5.7,11.2,19.1,54.4
26075,11,8,13.3,16.6,51.1
26077,2,5.9,6.2,16.7,69.3
26079,1.8,3.7,7,22.8,64.6
26081,1.9,6.1,6.3,21.5,64.1
26083,0.6,7.1,12.9,27.7,51.8
26085,5.2,12.2,7.3,20.4,54.8
26087,3.6,10.5,10.4,13.3,62.2
26089,0.3,3.8,9.2,20.3,66.3
26091,1.8,2.7,8.3,26,61.2
26093,4.2,2.1,5.2,19.8,68.7
26095,2.8,3,8.8,23.7,61.7
26097,3.2,4,7.3,25.6,59.9
26099,3.4,4.3,9,14.5,68.8
26101,3.5,5,8.7,12.1,70.7
26103,1.6,4.5,11,25.1,57.8
26105,4.6,5.4,19.9,14,56.1
26107,9.1,10.4,8.7,24.3,47.5
26109,5.9,7.3,6.8,25.3,54.7
26111,3.1,3,9.8,21.4,62.6
26113,2.5,3.6,8.2,19.1,66.6
26115,6.6,3.5,5.4,18.3,66.3
26117,2.8,13.7,16.7,21,45.8
26119,4.4,7.1,12.6,18.6,57.4
26121,8.4,4.5,10,16,61.1
26123,9.9,12.1,2.7,30,45.4
26125,2.8,2.7,4.9,16.9,72.7
26127,7.4,3.3,11.4,16.3,61.6
26129,6.1,11.7,10.6,25.9,45.8
26131,2.5,8.6,12.3,26.5,50.1
26133,7,7.3,8.9,23.8,53.1
26135,5.7,7.3,9.6,18.1,59.3
26137,6,6.8,9.7,17.2,60.2
26139,4.2,5.7,12,25.1,53.1
26141,2,4,14.3,22.3,57.5
26143,1.2,3.7,9.7,21.7,63.7
26145,3.1,7.3,8.2,19.7,61.6
26147,5.1,6.9,4.6,19.4,64
26149,4.8,7.9,19.7,18.9,48.8
26151,7.8,11.2,7.7,21,52.2
26153,4.1,2.1,14,18.7,61.1
26155,11.6,4.6,6.5,29.7,47.5
26157,9.1,5,7.8,24.6,53.6
26159,2.5,6.8,13.7,18.3,58.7
26161,1.9,2.2,4.6,18,73.3
26163,4.6,3.2,7.5,15.6,69
26165,3.6,5.6,7.7,17.1,65.9
27001,18.7,11.5,7.5,24.7,37.5
27003,5.4,7.8,13.2,24.5,49.2
27005,5.2,28,17.5,24,25.2
27007,9.4,15.5,22.5,18.5,34
27009,8.4,13.9,20.9,14.7,42
27011,25.6,12.1,18.5,14.6,29.2
27013,6.5,7.8,14.6,27.6,43.5
27015,10.1,6.1,25.1,26.5,32.2
27017,5.8,5.4,9,32.9,46.9
27019,2.4,12.8,18.3,29.6,36.8
27021,10.5,12.7,10.7,23.5,42.6
27023,10.8,10.6,24.4,22.4,31.8
27025,6.4,10.4,16.5,25.3,41.4
27027,9.2,12.1,13.8,23,41.9
27029,6.5,21,20.3,17.2,35.1
27031,18.4,2,3.8,25.7,50
27033,21.6,4.5,26.2,21.5,26.3
27035,14.7,11.2,8.1,24.9,41.1
27037,7.2,7.6,12.9,23.6,48.8
27039,3.5,9.6,7.1,32.5,47.3
27041,9.9,17.8,14.8,22.5,35
27043,7.8,15.8,16.3,26.1,34
27045,2.6,10.2,9.9,29,48.3
27047,13.5,8.5,20.6,28.3,29.1
27049,3,3.9,13.8,28,51.3
27051,11,13.7,19.3,16.5,39.6
27053,2.1,4.4,9.6,24.3,59.6
27055,7.2,8,8.6,28.3,47.8
27057,7.8,15,16.4,22.7,38
27059,10.4,9.9,21.5,14,44.2
27061,16.2,14.2,15.1,20.9,33.6
27063,32.5,2.4,14,17.1,34
27065,22.3,14.8,13.7,14.6,34.6
27067,10.9,10.7,18.2,29,31.2
27069,6.8,16.8,22.1,25.1,29.2
27071,15.9,18.3,8.7,25.5,31.6
27073,18.4,9.6,24.8,17.9,29.3
27075,8.7,3.3,7.5,34.1,46.4
27077,9.1,17.1,17.6,24.9,31.3
27079,5.5,16.8,14.7,25.4,37.7
27081,11,7.8,20.3,29.2,31.7
27083,13.4,7.5,24.2,21,33.9
27085,6.1,17.6,19.3,38.3,18.6
27087,7,27.9,8.3,18.5,38.2
27089,7.8,15.2,22.1,23.4,31.5
27091,18,11.5,13.4,20.5,36.6
27093,7.2,14.4,9.4,32.3,36.7
27095,22.4,12.2,15.9,14.6,34.9
27097,14,12.6,12.1,24,37.3
27099,7.1,10.7,11.3,26.2,44.8
27101,13.1,7.1,22.4,27,30.3
27103,6.3,8.5,16.4,29.6,39.2
27105,24.4,7.8,18,21.5,28.4
27107,12.2,15.4,10.9,18.6,42.8
27109,2.3,10.1,5.7,33.3,48.5
27111,7.8,18.2,27.8,17,29.1
27113,8.1,19.7,21.1,20.5,30.6
27115,17.8,14.3,7.4,24.2,36.4
27117,8.8,18.2,13.2,28.1,31.7
27119,10.4,20.8,19.7,19.6,29.5
27121,13.9,14.7,10.3,21.6,39.5
27123,4.4,4.6,8.6,25.9,56.4
27125,9.5,24.1,19.4,18.4,28.6
27127,8.1,12.3,24.8,25.5,29.3
27129,5,13.6,19.3,37.4,24.7
27131,8.9,3.8,11.7,30.1,45.4
27133,9.5,22,11,24.7,32.8
27135,7.7,15.1,21.1,23.4,32.7
27137,9.5,5.2,9.8,29.7,45.7
27139,2.1,5.7,12,31.9,48.2
27141,6.4,17.5,17.5,23.9,34.6
27143,4,17.5,17.2,38,23.3
27145,8.2,14.2,18.7,17.4,41.5
27147,7.4,6.2,14.4,35.4,36.5
27149,16.9,12.6,11.7,19.2,39.7
27151,17,11.3,15.2,21.2,35.3
27153,9.7,19.8,14.6,19.6,36.3
27155,19.6,13.9,16,11,39.5
27157,4.1,8.5,12.9,31.8,42.7
27159,6.1,21.1,15.7,20.3,36.7
27161,7.4,4.8,11.7,33.2,42.9
27163,4.4,8.8,10.3,26.2,50.3
27165,14.9,5.3,22.5,22.1,35.2
27167,16.6,14.8,23.9,9.6,35.2
27169,2.9,15.1,5.7,32.8,43.5
27171,8.3,10.9,16.2,25.9,38.7
27173,12.2,9.6,25.4,20.2,32.6
28001,11.3,11.2,13.1,8.4,56
28003,6.9,13.1,15,22.2,42.8
28005,11,9.2,12.2,20.4,47.3
28007,6.5,10.4,9.2,13.9,60.1
28009,1.8,1.4,24.6,23.3,48.9
28011,12.3,4.6,12.7,24.9,45.6
28013,7.4,16.1,9.2,17.9,49.4
28015,8,14.4,11.9,12,53.7
28017,7,13.4,8.8,18.2,52.5
28019,3.5,9.4,6.4,21.9,58.8
28021,3.8,6.1,8.8,21.4,59.8
28023,4.4,2.1,13.3,20.5,59.7
28025,2.9,8.2,9.8,21.4,57.7
28027,3.8,5.6,11.8,33,45.9
28029,7.3,8.4,13.4,15.7,55.2
28031,11,10.5,8.5,19.3,50.6
28033,5.5,7.8,8.8,23.6,54.3
28035,7.2,4.2,9.1,26.7,52.7
28037,8.7,11.2,15.4,13.8,50.9
28039,3.7,10.2,8.8,34.6,42.8
28041,1.5,11.2,7,26.2,54.1
28043,5.6,13.5,13.3,18.9,48.6
28045,6.3,9,8.9,25.4,50.3
28047,9.3,7.1,14.2,23.7,45.7
28049,1.9,9.6,11.5,18.3,58.8
28051,6.2,7.2,9.5,9.9,67.2
28053,11.7,7.1,9.8,10.4,61
28055,3,6,13.7,16.2,61.2
28057,11.6,7.4,15.5,19.1,46.4
28059,7.7,9.2,12,24,47.2
28061,6.6,9,14.4,16.7,53.3
28063,7.6,8.3,13.7,15,55.5
28065,14.1,13.2,10.1,18.1,44.5
28067,6.9,7.9,11.8,16.9,56.5
28069,3.2,2.1,8.2,17.7,68.7
28071,1.9,5.9,16.1,20,56
28073,8.7,4.5,8,27,51.7
28075,3.6,1.8,10.5,19.7,64.3
28077,11.9,13.3,14.2,13.5,47.1
28079,3.1,4,13.9,15.8,63.3
28081,9.4,9.2,13,18,50.5
28083,12.2,9.3,11.9,12.9,53.7
28085,7.7,12.9,13.6,14.2,51.6
28087,1.8,5.2,14.8,19.3,59
28089,2.9,4.3,18.4,24.2,50.2
28091,13.7,9.6,10.3,25.5,40.8
28093,1.3,0.6,13,30.1,55
28095,8.7,6.4,13.9,17.1,53.9
28097,5.8,17.6,10.9,14.7,51
28099,1.7,1.8,6.6,17.1,72.9
28101,1,2.5,10,20.3,66.2
28103,0.9,3.4,11.2,20.3,64.2
28105,1.5,7,8.1,24.2,59.1
28107,6.1,15.8,11.3,26.9,39.9
28109,5,12.4,8.8,25.1,48.7
28111,5.7,5.6,11,27.3,50.3
28113,11.6,9.2,10.6,15.5,53.1
28115,6,11.3,11.4,19.7,51.6
28117,10.3,10.4,17,23.4,38.9
28119,4.1,10.1,10,31.2,44.6
28121,3.1,10.3,12.7,17.9,56.1
28123,2.6,4.9,12.9,25.2,54.3
28125,6.6,6.8,14.8,12.8,59
28127,8.1,12.4,14.9,15.4,49.1
28129,10.6,17.2,11.1,19.4,41.7
28131,10.9,6.4,12.4,22.4,47.9
28133,13.7,6.4,11.8,18.2,49.8
28135,6.1,8.6,11.8,27.4,46.1
28137,9.7,5.2,14.9,26.5,43.7
28139,6.8,6.9,21.7,21.3,43.4
28141,7.2,17.9,15.5,22.5,37
28143,13.1,3.6,8.9,17.6,56.8
28145,7.8,8.5,14.8,21.9,47
28147,15.8,8.6,13.4,21.3,40.9
28149,2.1,7.9,9.5,21.7,58.6
28151,13.8,8.4,16.4,11.4,50
28153,3.7,6.2,12.1,19.4,58.7
28155,5.2,14.5,7.9,22.2,50.2
28157,14.6,14.3,7.5,15.5,48.1
28159,2.9,3.8,5.7,19.9,67.6
28161,2.9,10.8,12.1,21.7,52.3
28163,5,3.8,14.5,15.9,60.8
29001,6.7,9.8,18.7,25.3,39.5
29003,13.3,19.7,16.4,23.4,27.2
29005,9,14.4,9.7,28.7,38.2
29007,11,7.8,20.3,28.1,32.7
29009,10.6,6,25.6,23.5,34.3
29011,15,13.1,13.4,11.1,47.4
29013,13.8,6.8,11.2,23.7,44.4
29015,18.8,12.2,16.8,27.7,24.5
29017,9.7,15.2,13.2,26.8,35
29019,7.3,7.5,11.3,22.4,51.5
29021,12.1,18.3,17.5,21.9,30.2
29023,18.9,17.5,16,13.5,34.2
29025,10.9,13.3,21.1,18,36.7
29027,12.3,12,21.7,19.6,34.4
29029,26.6,9.3,14.7,12.4,37.1
29031,8,10.9,13.7,28.5,38.9
29033,15.5,13,7.8,28.6,35.1
29035,15.9,28.5,15.1,12.5,28.1
29037,2.7,8.2,17,18.5,53.5
29039,27.5,5.6,17.3,15.5,34.1
29041,11.7,14.1,8.4,27.8,38
29043,13,11.3,5.3,25.3,45.1
29045,15.4,13.8,16.5,22.3,32
29047,3.3,3.7,7.6,19.9,65.5
29049,6.6,10.3,10.6,20.9,51.7
29051,8.7,18.5,10.7,18.7,43.4
29053,6,9,12.7,18.3,54
29055,16.7,14.8,13.6,15.9,39.1
29057,31.2,4.4,13.8,13.6,36.9
29059,16.5,14.3,16.7,15.4,37.1
29061,12.4,16.6,17.2,24.7,29.1
29063,14.4,13.3,15.9,24.1,32.3
29065,16.7,16.9,17.5,19.6,29.3
29067,28.5,14.9,7,16.7,32.8
29069,6.8,8.5,15.4,21.5,47.8
29071,12.2,8.6,10,23.3,45.8
29073,8.6,20.7,16.8,13.5,40.4
29075,10.1,16.6,18.2,29.9,25.1
29077,9.9,8.2,12.8,27.2,41.8
29079,19.5,19.3,12.9,24.7,23.6
29081,17.3,12.8,21.5,24.8,23.6
29083,12.8,14.7,11.7,34.5,26.2
29085,18.2,18,15.9,16.4,31.6
29087,12.9,22.3,15.6,23.2,26
29089,7.6,9.6,10.7,19.1,53.1
29091,30.1,14.2,20.8,10.7,24.2
29093,13.3,9.1,7.2,28,42.3
29095,2.7,6.6,8.8,21,60.9
29097,13.8,15.2,14.7,17.6,38.8
29099,4.2,11.7,17.8,21.6,44.7
29101,16.8,10.7,2.6,18.9,51.1
29103,8.2,11.2,18.2,27.1,35.3
29105,31.3,12.1,17.2,10.7,28.7
29107,3.3,9.8,5.2,24.7,57.1
29109,24.1,5,25.1,22.2,23.7
29111,16.4,10.9,17.7,23,32
29113,6.3,11.9,23.6,28.2,29.9
29115,12.6,15.6,11.8,27.4,32.6
29117,15,22.8,11.1,25,26
29119,15.2,14.5,8.9,13.8,47.6
29121,11.8,12.7,15.8,25.8,33.8
29123,8.2,12.4,9.2,29.6,40.6
29125,9.8,15.8,12.1,19.8,42.4
29127,17.8,9.3,21.2,18.5,33.2
29129,23,13,21.6,16.2,26.1
29131,20,12.6,13.7,14.7,39
29133,12.9,9.7,14.1,22.1,41.3
29135,10.2,26.8,11,20.2,31.8
29137,16.4,10.5,18.2,20.3,34.6
29139,6.2,7.7,16.1,30.7,39.2
29141,21.1,11.8,17.5,19.3,30.4
29143,9.8,11.2,14.9,18,46.1
29145,15.6,12.1,14,21.1,37.3
29147,9.3,19.3,16,28.3,27.2
29149,14.2,19.6,29.3,12.9,24.1
29151,6.7,13.3,17.1,16,46.9
29153,17.9,12.8,12.8,13,43.5
29155,7.9,13.4,17.5,20.4,40.7
29157,3.2,10.2,15.6,30.2,40.8
29159,18.5,11.1,15.6,25.4,29.4
29161,13.9,17.7,11.9,24.4,32
29163,8.2,12.8,36.3,26.3,16.4
29165,4.4,4,8.8,18.9,63.8
29167,18.3,10.9,10.3,18.9,41.6
29169,20.8,10.3,16,17.5,35.4
29171,10.7,11.1,20.9,19.1,38.2
29173,16,10.6,24.8,19.6,29
29175,16.3,8.8,14.5,19.4,41
29177,7.3,12.4,23.3,18.4,38.6
29179,13.7,18.3,8.5,22.9,36.6
29181,12.6,25.4,16.1,15,30.8
29183,4.1,5,9.1,28.6,53.2
29185,16.3,14.5,18.2,27.9,23
29186,2.5,14,14.4,31.1,38
29187,10.3,12,8.5,26.4,42.8
29189,2.4,2.8,6.9,18.2,69.7
29195,8.3,23,11.2,18.6,38.9
29197,5,10.1,21.1,22.2,41.6
29199,7.3,11.2,20.9,24.6,36.1
29201,12.5,11.5,12.8,24.7,38.5
29203,21.2,25,19.8,9.8,24.3
29205,14.2,14.4,16,23.8,31.7
29207,13.7,12,15.6,17.6,41.1
29209,5.6,9.3,17.1,24.7,43.4
29211,13.6,12.7,17.4,22.3,34.1
29213,5.3,7.9,21.4,15.5,49.9
29215,30.9,17.1,23.1,10.6,18.3
29217,16.4,10.5,11,12.5,49.6
29219,11,8.3,11.1,25,44.6
29221,18.1,9.2,11.8,19.1,41.8
29223,19.1,17.1,13,19.6,31.3
29225,29.7,9,16.2,13.7,31.3
29227,9.8,17,21.8,27.2,24.1
29229,41.9,13.9,18.7,10,15.5
29510,3.9,1.7,8,13.7,72.6
30001,16.5,12.7,10.2,18,42.5
30003,13.6,19.6,14.7,25,27.1
30005,28.7,8,18.8,25.2,19.2
30007,16.5,9.8,9.9,19.9,43.9
30009,14,16.9,16.3,26,26.7
30011,12.3,12.1,12.7,21.2,41.7
30013,17,14.3,16,14.5,38.2
30015,19.6,13.5,17.1,15.2,34.6
30017,8.5,26.1,14.4,28,23
30019,17.2,24.4,18.6,26.9,12.9
30021,13.9,24.9,17.6,27.4,16.1
30023,14.1,17.3,6.4,13.3,48.9
30025,11.8,19.9,14.6,29.6,24
30027,28.4,11.1,15.7,18.7,26.1
30029,7.6,16.7,15.9,22.4,37.4
30031,13.2,9.3,11.5,21.3,44.8
30033,13.4,19.9,18,26.5,22.1
30035,8.4,15.4,17,19.6,39.6
30037,13.4,18.1,16.8,24.6,27.1
30039,11.6,17,10.9,18.3,42.2
30041,27,10.6,15.9,19.2,27.3
30043,15.8,11.1,7.6,16.9,48.7
30045,23.3,11,17,13.9,34.9
30047,8.7,23,12.8,20.6,34.9
30049,14.9,10.7,8,18.5,47.9
30051,18.8,14.6,16.7,14.7,35.2
30053,11.8,17.4,11.8,18.8,40.2
30055,14.2,27.4,17.9,26.7,13.9
30057,17.2,11.3,10.5,21,40
30059,18.8,9.3,12,20.3,39.6
30061,9.7,27.8,11.9,18.3,32.3
30063,9.1,20,12.8,20.9,37.2
30065,12.8,17.8,16.9,25.7,26.8
30067,11.4,9.9,10.6,21.4,46.7
30069,15.7,15.4,17.4,24.7,26.9
30071,22.9,11.4,21.4,29.6,14.7
30073,12.3,17.5,17,14.2,39
30075,19.3,24,10.6,18.8,27.3
30077,11.8,14.4,6.9,14,53
30079,10.1,27,17.1,28.3,17.6
30081,12.1,17.7,11.4,19.5,39.3
30083,17.6,21.6,16.2,25.5,19.1
30085,16.9,24.6,17.8,26.1,14.6
30087,12.6,21.4,14.3,24.8,26.9
30089,15,20.4,19.1,17.2,28.3
30091,17.9,20.3,17.8,25.6,18.5
30093,15.8,13.8,5.9,14.3,50.3
30095,12.6,17.3,16,25.5,28.6
30097,11.6,15.7,12.6,22.7,37.4
30099,13.4,17.6,14.7,15.2,39.1
30101,13.8,16.5,17.8,13.5,38.4
30103,12.2,18.8,16,25.9,27
30105,17.2,23.5,18.7,29.1,11.5
30107,21.4,13.5,14.4,18.9,31.8
30109,16.5,21.9,16.1,26.7,18.7
30111,12.9,17.7,16.7,26.2,26.5
31001,5.7,12.8,8.9,29.1,43.5
31003,19.8,9.6,19.1,16.1,35.4
31005,14.4,13.5,11.7,24.8,35.6
31007,24.9,12.8,13.4,21.6,27.2
31009,17.6,10.3,12.3,30.5,29.3
31011,15.6,8,15.1,19.7,41.5
31013,30.3,11.2,9.6,28.5,20.3
31015,8.1,15.9,26.7,18.4,30.9
31017,14.1,8.2,16.7,27.5,33.5
31019,6.5,11.3,10.4,32.7,39.1
31021,6.6,6.3,9,32.1,46
31023,2.7,10.5,26.3,23.8,36.5
31025,4.2,4.9,11.9,24,55
31027,20.7,16.3,16.1,17.7,29.3
31029,5.5,19.2,15.6,23.2,36.4
31031,15.8,4.2,9.5,37.7,32.8
31033,11.6,15.9,16.4,33.8,22.3
31035,6.4,13.2,12.4,28,40
31037,5.4,8.9,22.8,28.7,34.1
31039,14.7,6.6,12.2,34.7,31.7
31041,14.3,10.4,11.2,32.8,31.4
31043,11.3,16.7,13.1,16.3,42.5
31045,22.4,10.3,11,32.1,24.2
31047,9.6,11.4,11.5,34.8,32.8
31049,9.3,14.7,13.8,26.7,35.5
31051,16.3,16,13.1,16.2,38.3
31053,14,3.6,13.6,37.4,31.4
31055,9.1,6.9,9.5,26.3,48.2
31057,5.3,23.2,17.3,23.1,31.1
31059,5.3,9.6,26.3,37.5,21.3
31061,8.3,16.8,8.3,28.8,37.8
31063,9.4,12.1,13.6,33.6,31.3
31065,10.1,13.5,12.9,31.9,31.5
31067,12.7,3,10.3,26,48
31069,20.2,12.4,11.9,26.8,28.8
31071,16.8,8.4,14.2,23.6,37
31073,8.6,12,11.5,34.7,33.3
31075,19.9,11.6,10.2,27,31.3
31077,12.2,9.1,12.2,24.5,42.1
31079,4.8,11.4,10.3,28.4,45.1
31081,4,12.4,15.7,25.2,42.7
31083,8.9,15.8,10.2,30.2,34.8
31085,7.2,15.1,16.1,27.3,34.3
31087,8.5,16.2,19,26.3,30.1
31089,11.3,13.4,23.4,15.4,36.5
31091,15.1,12.3,11,27.9,33.7
31093,7.3,10.4,10.8,28.1,43.3
31095,20.6,5,5.5,30.6,38.4
31097,6.1,17.5,24.7,20.7,31
31099,6.2,12.7,9.4,31.8,39.9
31101,9.3,15,13,23.5,39.3
31103,12.4,9,18.3,27.3,33.1
31105,18.7,17.3,16.1,22.8,25
31107,17.1,17.8,19.5,15.7,29.9
31109,9.3,6.1,11.2,26.4,47
31111,10.3,14.5,12.3,28.7,34.1
31113,14,13.3,11.5,30.8,30.4
31115,19.3,8.4,12.9,27.6,31.8
31117,12.1,14.7,11.5,25.7,36.1
31119,25.1,8.2,19.4,15.6,31.7
31121,5,12.5,13.7,23.4,45.4
31123,26.1,11.9,12.4,27.3,22.3
31125,9.1,11.1,13.1,20.7,45.9
31127,9,14.8,13.7,29.3,33.3
31129,13.8,13.2,6.4,34.9,31.8
31131,11,9.7,9,27.5,42.8
31133,6.7,14.7,21.5,25.4,31.6
31135,6.9,16.4,14.2,23.3,39.3
31137,7.2,12.6,10.3,33.6,36.3
31139,25.3,11,18.5,14.2,31.1
31141,4.4,9.4,17.6,25.4,43.2
31143,2.9,16.7,27.7,17.4,35.3
31145,10.2,12.3,16.9,30.8,29.8
31147,9.8,18.5,16.6,25.2,29.8
31149,13,10.2,19.8,22.2,34.9
31151,2.1,7,18.6,21.7,50.7
31153,9.4,6.9,14.4,26,43.3
31155,10.8,9,28,22.3,30
31157,25.6,13.2,11.3,24.5,25.5
31159,2.8,4.6,21.6,10.9,60.1
31161,24.8,8.3,9.4,33.3,24.2
31163,9.3,9.9,11,30.7,39
31165,24.1,16.1,10.1,29.2,20.5
31167,26.5,8,19.2,15.4,30.9
31169,18.5,7.1,6.6,42.9,24.9
31171,15.2,12,11.8,30.2,30.8
31173,12.3,15.3,11.9,18.7,41.8
31175,13.5,9,11.8,27.8,38
31177,8.6,11.6,15,26.1,38.6
31179,24.5,12,15.5,14.1,34
31181,9.1,16.7,6.8,28.6,38.9
31183,16.2,8.4,15.5,20.1,39.9
31185,4.4,16.8,42.2,18.4,18.2
32001,2.2,9.3,5.8,15.3,67.4
32003,2.7,3.2,5.4,14.5,74.2
32005,2.9,5.5,9.1,23.8,58.8
32007,2.1,4.6,19,36.4,37.9
32009,8.6,0.4,0.6,3.2,87.2
32011,0.2,5.4,17,38.6,38.7
32013,0.8,4.2,15.6,6.9,72.5
32015,0.4,8.5,14.2,18.2,58.8
32017,4.8,1.9,14.7,17.7,61
32019,3.7,6.9,5,17.3,67.1
32021,2.2,1.8,9,11.5,75.5
32023,6.1,3.8,5.2,18.3,66.6
32027,1,1.3,24.8,3.8,69.1
32029,1.5,3.8,3.9,12.6,78.2
32031,2.4,2.5,6,21.5,67.6
32033,5.9,1.6,20.8,42.1,29.6
32510,2.3,6.4,5.4,27.4,58.5
33001,11.4,2,11,15.8,59.8
33003,8.8,3.5,10.7,17.2,59.8
33005,2,7.5,9.3,20.2,60.9
33007,1.7,5,6.8,16.9,69.7
33009,3.9,2.6,3.2,19.9,70.5
33011,3,6.9,6.6,16.4,67
33013,8.5,6.7,7.5,15.8,61.5
33015,1.8,5.7,7.4,21.2,63.9
33017,8,7.4,9.8,19,55.8
33019,6,10.3,1.2,25.2,57.4
34001,1.9,4.1,3,17.6,73.4
34003,2,1.4,5.3,15.1,76.2
34005,2.3,2,4.3,13.4,77.9
34007,2.8,0.5,2.7,13.7,80.2
34009,1.3,1.1,2.2,21.4,74
34011,3.2,0.6,5.8,14.2,76.2
34013,3.5,1.4,8.5,18.3,68.2
34015,4.7,1,5.2,14.5,74.6
34017,2.2,1.9,7.7,21.1,67
34019,0.7,3.8,6.5,8.5,80.4
34021,1.7,1.4,5,16.2,75.7
34023,2,1.6,5.4,14.6,76.5
34025,1,2.2,4.1,16.4,76.4
34027,2.3,1.8,4.9,19.1,72
34029,1.2,5.6,5.5,10.4,77.2
34031,2.9,1.5,6.3,13.8,75.6
34033,4.1,4.3,3.6,15.4,72.6
34035,1.6,2.7,4.6,12,79.1
34037,2,2.6,2.9,20.5,72
34039,1.2,1.1,5.9,20.2,71.6
34041,3.5,2,4.4,15.2,74.9
35001,3.6,1.4,5.7,13.5,75.8
35003,5.4,3.9,3.6,10.9,76.2
35005,7.4,4,10.8,14.4,63.4
35006,0.3,5.9,1.4,8.5,83.9
35007,4.1,1.9,9.1,10.6,74.3
35009,1.1,12.9,11.1,20.9,54
35011,3.6,6.9,8.5,9.8,71.2
35013,1.1,4.4,3.6,9.7,81.2
35015,20,7,9.2,23.9,39.9
35017,4.3,3.1,15,20.5,57.2
35019,1.4,4.9,7.2,9.8,76.6
35021,5.7,15.2,6.2,11.5,61.4
35023,5.6,3.7,18.6,15.3,56.9
35025,11.2,2.4,11.5,33.1,41.8
35027,4,1.2,5.5,16.2,73.1
35028,0.1,4.1,7.6,17.3,70.9
35029,10.5,4.6,2.4,11,71.5
35031,1,6,0.8,20.2,72.1
35033,0.2,2.7,6.7,9.8,80.6
35035,7.4,3,14.3,15.8,59.5
35037,4.9,15.2,7,15.9,57.1
35039,0.7,5.4,10.2,16.2,67.5
35041,0.9,15.4,8.9,14.6,60.2
35043,1.7,1.5,9.6,11,76.2
35045,5.7,1.5,11.8,25.5,55.5
35047,0.4,2,5.7,11.9,80
35049,0.8,1.6,3.1,14.3,80.3
35051,3,3.9,3.3,23.9,65.9
35053,0.2,0.8,5,19.3,74.6
35055,0.6,4.1,5.5,11.3,78.5
35057,9.7,0.5,3.5,16.7,69.6
35059,12,11.8,12.7,24.2,39.3
35061,0.6,0.9,14.3,19.5,64.8
36001,0.6,1.2,5.2,14.2,78.8
36003,6.2,1.5,2.8,12.4,77.1
36005,4.3,1.3,6.6,13.6,74.2
36007,4.4,2.8,5.1,6.6,81.2
36009,1.5,1.3,2.4,15.6,79.3
36011,0,3.3,7.2,16.2,73.2
36013,2.9,2.4,3.8,20.6,70.3
36015,1.2,4.6,9.2,25.6,59.4
36017,4.8,4.5,1.5,15.6,73.5
36019,1.7,2.4,10.2,8.4,77.3
36021,1.4,0.4,2.9,10.4,84.8
36023,0.1,6.2,1.5,11.8,80.3
36025,5.7,5.3,3.4,11.2,74.4
36027,0.7,0.9,3.1,9.9,85.4
36029,1.8,1.4,4,16.1,76.6
36031,5,5,5.7,10.7,73.6
36033,2.6,2.7,11.7,9.7,73.3
36035,7.8,1.5,6,11.8,72.9
36037,0.1,1.7,1.5,18.7,78.1
36039,2.2,1.4,3,14.6,78.8
36041,4.2,2.4,5.3,22.9,65.3
36043,1.5,2.6,4.2,15.8,75.8
36045,0.8,5.8,3.8,11.6,78
36047,3.5,3.4,5.8,14.1,73.2
36049,6.9,3.6,2,11,76.5
36051,1.1,3.4,0.9,11.1,83.5
36053,0.3,1.5,4.3,10.7,83.2
36055,1.8,1.2,5.6,12.9,78.5
36057,10.2,0.5,5.4,9,74.9
36059,1.7,1.8,4.3,14.2,77.9
36061,2,1.6,4,12.1,80.3
36063,0.1,2.8,3.7,20.4,73
36065,1.6,2.5,3.3,15.3,77.4
36067,1.9,0.8,5.4,16.3,75.6
36069,0.1,1.2,3.1,10.7,84.9
36071,2.3,0.8,4.2,18,74.6
36073,0.1,3.3,5.9,21.3,69.3
36075,1.7,0.3,9.4,11.9,76.6
36077,3.2,6.5,2.7,9.6,77.9
36079,0.3,1.8,2.2,10.5,85.2
36081,2.2,2.3,6.8,13.6,75.1
36083,1.8,1.8,7.3,14,75.1
36085,3.3,1.5,4.6,17.8,72.8
36087,1.1,1.8,5.4,19.5,72.2
36089,2.7,2.9,9.5,14.9,70.1
36091,2,1.2,6.2,15.6,75.1
36093,4,0.7,5.1,6,84.1
36095,0.7,2,4,10.8,82.5
36097,1,0.9,7.1,23.9,67
36099,0.1,1.2,4.2,8.2,86.4
36101,3.6,3.1,5.7,20.1,67.4
36103,4,1.9,5.3,10.6,78.2
36105,2.4,3,4.3,8.5,81.7
36107,1.9,1.1,1.8,11.4,83.9
36109,1.2,1,4.6,9.8,83.3
36111,1.4,2.3,4.5,10,81.8
36113,2.6,1.8,10.4,13,72.3
36115,2.6,2.7,13.5,13.8,67.3
36117,0.1,1.6,6.1,13.2,78.9
36119,2.5,1.8,4.4,11.5,79.8
36121,0.1,2.4,0.8,10.7,86.1
36123,0,0.6,2.3,8.7,88.4
37001,4,7.3,12.6,17.5,58.6
37003,2.7,2.3,10.3,27.2,57.5
37005,15.3,6.7,6.7,21,50.4
37007,5.3,6.2,8,16.3,64.1
37009,14.9,2.6,8.3,28.7,45.5
37011,9.6,1,21.2,17.3,50.9
37013,3.7,8,4.1,21.9,62.3
37015,10,4,6.4,21.4,58.2
37017,7.3,2.3,7.6,10.4,72.4
37019,2.4,1.8,3.6,24.8,67.3
37021,0.9,2.3,4.4,23,69.3
37023,9.1,5.6,12.4,18.9,54
37025,4,2.2,9.2,27,57.6
37027,2.8,3.1,7.2,19.9,67
37029,9.1,2.5,12.1,18.8,57.5
37031,1,6.7,16.7,19.7,56
37033,6,3.5,19.9,17.9,52.7
37035,3.5,7,13,21.4,55.1
37037,0.7,2.5,6.3,13.9,76.6
37039,8.5,10.9,10.1,14.7,55.7
37041,4.4,1.1,15.2,29.6,49.7
37043,9.9,9.1,9.5,16.9,54.6
37045,6.2,12.1,9.4,15.1,57.3
37047,17.9,4.3,11.3,15.5,51.1
37049,3.4,6.8,21.2,21.5,47
37051,2.8,4.7,10,17.5,64.9
37053,15.7,2.1,13.1,16.7,52.4
37055,2.8,0.5,10.2,19.4,67.1
37057,5.8,8.5,16.9,13.4,55.4
37059,7.4,6.7,3.7,14,68.1
37061,6.8,4.4,14.3,12.6,62
37063,1.7,1.4,3.3,10.4,83.2
37065,2.1,3.7,5.5,18.4,70.3
37067,2,2.2,6.8,18.3,70.6
37069,3.8,3,6.1,12.7,74.5
37071,3.8,7.9,5.4,19.7,63.2
37073,0.8,2.2,19,21,57
37075,9.5,7.2,9.6,23.6,50.2
37077,4.2,3.3,8.2,10.7,73.6
37079,7.2,6.1,12.7,24,50.1
37081,4,5.5,11.7,19.9,58.8
37083,1.4,0.7,6.8,20,71.1
37085,3.1,6.9,6,12.9,71.1
37087,7.7,3.9,3,18.8,66.6
37089,1.4,2.8,4.2,20.1,71.5
37091,2,0.7,6,21.7,69.6
37093,0.9,4.7,9.2,23.6,61.6
37095,13.3,3,8,25.9,49.8
37097,8,5.1,10.6,21.9,54.4
37099,7.7,6.5,6.7,17.6,61.6
37101,3.2,2.2,11.3,15.1,68.2
37103,6.4,5.1,20.8,23.3,44.5
37105,6.6,10.2,8.1,11.5,63.6
37107,10.9,4.1,11.2,22.8,51
37109,2.9,9,8.4,23.4,56.3
37111,7.5,11.4,10.5,14.3,56.3
37113,15.3,3.9,8.5,18.2,54.1
37115,1.6,3.4,8,17.8,69.2
37117,8.4,8.9,7.1,15,60.5
37119,2.9,3.7,7.5,16.6,69.4
37121,9.6,3.5,14.6,15.4,56.9
37123,2.7,5.6,7.8,18.4,65.5
37125,3.9,10.5,4.1,23.7,57.8
37127,4.4,3.2,3.8,21.2,67.3
37129,1.9,3.2,3.2,25,66.7
37131,1.7,0.3,6.7,20.1,71.2
37133,3.9,3.9,15.9,25.4,50.9
37135,1,2,2.8,14.2,80.1
37137,3.6,5.7,18.1,24.3,48.2
37139,6.7,2.1,11,23.8,56.3
37141,5,3.5,14.2,16.9,60.3
37143,3.6,1.4,15.4,29.9,49.8
37145,1,0.8,7,16.6,74.6
37147,3.4,6.5,8.5,20.4,61.2
37149,1.8,11.5,10.5,26.3,49.9
37151,6.6,7.8,10.5,13.8,61.3
37153,5,3.9,14.5,15.3,61.2
37155,6.2,3.1,11.6,16.5,62.6
37157,12.5,9.4,12.4,11.1,54.6
37159,8.6,6.5,13.1,17.5,54.2
37161,4.5,17,9.8,15.6,53.2
37163,0.6,0.5,8.4,19.7,70.8
37165,13.7,2.9,17.8,19.9,45.8
37167,2.9,8.3,9.7,21.7,57.4
37169,1.5,3.4,11.6,24.7,58.8
37171,1.9,4.1,10,38.2,45.8
37173,7.9,6.1,8.6,24.7,52.8
37175,2.5,1.3,4.7,22.4,69.1
37177,5.4,1.6,10.3,30.1,52.7
37179,6,4.5,6.7,21.3,61.5
37181,4.2,3.1,13.7,15.9,63.1
37183,1.5,2,7,16.8,72.7
37185,2.7,2.4,10.5,15.8,68.6
37187,11.3,5.3,5.7,30.1,47.6
37189,6.2,1,7.2,36.3,49.3
37191,1.7,1.8,9,13.2,74.4
37193,4.6,7.1,16.4,20.8,51.1
37195,1.3,6.7,8.1,24.8,59
37197,7.3,2.7,8,19.9,62.1
37199,2.8,1.9,6.3,22.4,66.5
38001,21.9,16.6,18.9,23.3,19.3
38003,11.1,7.9,13.7,24.8,42.5
38005,28.9,19.4,11.8,19.5,20.4
38007,20,20.1,13.7,24.4,21.8
38009,20.6,11.9,14.2,25.9,27.4
38011,18.8,14.1,14.6,26.2,26.3
38013,19.1,14.7,15.1,25.8,25.3
38015,17.2,23.3,9.1,29.7,20.7
38017,9,11.3,14.2,23.3,42.3
38019,14.6,27.2,16.5,22.2,19.5
38021,15.1,7.7,22.7,27.7,26.7
38023,18.6,16.8,16.3,25.5,22.7
38025,19.5,18.9,12.5,25.2,23.9
38027,26.9,15.9,11.7,20.9,24.6
38029,16,22.1,9.4,30.2,22.2
38031,26.5,8.1,8.1,27,30.4
38033,18.7,20.6,14.9,25.6,20.3
38035,9.7,12.2,22.2,25.3,30.5
38037,17.7,23.3,12.5,27.5,19
38039,16.2,5.4,19.7,21.7,37
38041,21.8,20.7,15,23.2,19.3
38043,19.3,20.6,7.4,30.1,22.6
38045,11.5,7,19.3,30.7,31.5
38047,17.2,15.6,10.4,29.5,27.2
38049,20.6,13.2,12.4,26.3,27.5
38051,16.9,12.8,13.6,27.5,29.1
38053,19,18.2,14.2,25.3,23.2
38055,18.9,18.5,10.7,27.3,24.6
38057,18.9,19.7,11.1,26.6,23.7
38059,17.2,23.5,9.6,29.3,20.5
38061,19.2,16,13.4,25.8,25.6
38063,13.3,18.3,19.3,21.8,27.4
38065,18.1,21.7,10.2,28,22.1
38067,8,21.6,20.2,25.6,24.7
38069,25.3,13.6,12,24.6,24.6
38071,24.2,25,13.8,17.5,19.5
38073,7.3,11.4,22.3,23.6,35.4
38075,19.3,13,14.1,26.2,27.4
38077,15.5,17.4,18.9,11.6,36.6
38079,24.8,15.4,13.5,23.5,22.8
38081,8.1,16.3,24.9,25.1,25.7
38083,20.3,18.6,9.1,28.5,23.5
38085,15.7,22.8,10.8,29.5,21.1
38087,21.7,17.9,14.2,24.6,21.5
38089,20.7,20.5,12.9,24,21.9
38091,17.2,6.1,30.2,18.2,28.3
38093,20.2,5.3,7.6,31.4,35.4
38095,26.3,23.2,12.7,19.8,18
38097,14.4,11.5,20.5,23.3,30.3
38099,8.7,18.1,20.8,25.3,27.1
38101,19.5,13.8,12.7,26.3,27.6
38103,25.4,16.3,8.3,27.5,22.6
38105,18.6,18.2,15.5,25.4,22.3
39001,7.4,11.6,14.9,22.2,43.9
39003,8.5,10.4,11.4,38.2,31.4
39005,6.8,3.5,26.8,19,43.8
39007,14.4,0.8,9.9,25.7,49.2
39009,7.1,11.5,16.4,23.6,41.3
39011,13.1,8.9,15.3,34.2,28.5
39013,8.2,8.6,11.8,25,46.4
39015,17.7,17.7,10.1,12.8,41.7
39017,4.7,7.2,10.6,24.4,53.1
39019,14.7,26.1,5.2,15,39
39021,8.4,5.1,27.4,26.9,32.1
39023,6.6,2.7,19,24.7,47.1
39025,8.2,6.9,7.4,19.2,58.4
39027,17.1,19.8,7.1,10.5,45.5
39029,9.8,8,11.5,15.6,55.1
39031,7.7,19.4,29.4,17.8,25.8
39033,10.1,10.7,12.6,18.4,48.2
39035,4.2,5.2,8.4,21.3,60.9
39037,21.6,8.4,15,28,27.1
39039,5.2,11.4,15.2,22.1,46.2
39041,1.8,8.1,8.4,17.7,64
39043,7.8,2.2,9.1,17.9,63
39045,10,9.5,13.5,14.2,52.7
39047,15.7,5.5,32.8,15.8,30.2
39049,4.2,5.4,9,19.8,61.7
39051,2.9,4.6,31.8,27.2,33.5
39053,7.4,8.2,20.3,17.8,46.3
39055,3,5.7,6.4,21.8,63.1
39057,4.1,8.2,9.5,26.4,51.9
39059,10.1,16.2,13.7,18.1,41.9
39061,6.9,5.6,10.2,22.4,54.9
39063,7.6,12.7,12.2,30.2,37.3
39065,14.9,12.1,13.4,22.7,36.8
39067,10.7,14.1,15.3,23.3,36.5
39069,3.8,11.1,18.9,19.7,46.5
39071,15.7,14.4,6.8,16.2,46.8
39073,16.9,13.7,21,10.4,38
39075,5,8.7,13.4,27.1,45.7
39077,19.1,6.4,20.4,17.2,36.9
39079,16.6,14.1,24.7,10.5,34.1
39081,7.6,14.2,15.2,20.9,42
39083,13.8,10,6.5,17,52.6
39085,6.7,3.9,10.4,24.6,54.4
39087,8.9,9.7,18.5,23,39.9
39089,5.6,10.2,17.6,12.7,53.9
39091,13.6,11.7,31.4,24.8,18.6
39093,8.9,9.7,9.9,20.7,50.8
39095,7.8,5.6,11.1,18.9,56.6
39097,3.7,8.7,16.7,26.2,44.7
39099,4.6,9.9,9.9,23.1,52.5
39101,8.4,18,11.5,15.9,46.2
39103,6.8,7.7,12.5,22.7,50.3
39105,7.2,13.7,18.2,17.7,43.2
39107,10.2,10.5,24.5,31.4,23.3
39109,7.7,7,19,22.7,43.6
39111,4,14.4,13.9,29.1,38.6
39113,4.1,6.5,6.5,22.2,60.7
39115,14.2,11.4,15.3,25.9,33.2
39117,5.9,9.4,7.5,31,46.2
39119,13.6,14.5,12.1,18.2,41.6
39121,10.9,17.6,13.9,21.9,35.7
39123,5.2,3.5,8.4,21.9,60.9
39125,9.5,6.1,24,31.4,29
39127,13.8,14.9,21.4,19,30.9
39129,6.7,8.7,9.2,24.4,51
39131,18.6,12.4,12.4,15.8,40.9
39133,2.8,7.8,12.6,21.3,55.5
39135,4.5,14.6,18.6,24.8,37.5
39137,4.1,11.8,25.3,30.7,28
39139,6.6,8,21.3,22.1,41.9
39141,18.1,10.3,10.1,16.8,44.7
39143,13.9,7.4,10.9,20.9,46.9
39145,12.1,9.6,24.2,15.6,38.7
39147,11.9,19.5,24.3,16.4,27.9
39149,18.2,11.9,21.6,28.3,20
39151,6.5,11,10.2,19.8,52.5
39153,4.8,5.6,12.5,20.7,56.5
39155,5.4,5.9,12.1,23,53.5
39157,12.6,20.4,11.6,21.5,33.9
39159,17.5,1.8,9.9,24.5,46.3
39161,6.9,8.4,22.3,41.2,21.2
39163,9,16.5,21.8,14.7,38
39165,6.2,4.4,8.5,16.2,64.7
39167,7.2,12.1,14.2,29,37.5
39169,6.4,8.2,14.4,24.5,46.6
39171,3.5,13.3,19.9,20.8,42.5
39173,2.9,6.1,8.6,25.2,57.2
39175,10,20.1,13.8,13.5,42.6
40001,10.5,6.8,25.8,21.3,35.6
40003,20.3,9.6,18.8,25,26.2
40005,7.6,18.4,11.1,28.4,34.5
40007,15.3,15.4,8.5,22.3,38.4
40009,8.8,26.5,18.7,12.1,33.9
40011,2.9,8.1,24.4,32,32.6
40013,9.4,8.7,12.5,23.7,45.7
40015,1.3,11.1,19.4,23.9,44.4
40017,4.3,7.3,10.3,30.9,47.2
40019,12.8,16.9,13.8,21.3,35.1
40021,9.9,12.1,21.2,24,32.7
40023,6.4,11.3,11.9,25.1,45.4
40025,14,8.9,15.3,26,35.8
40027,4.6,10.1,7.9,25,52.4
40029,7.5,12,10.5,30.7,39.4
40031,5.4,17.9,12.7,22.6,41.3
40033,6,11.7,10.2,17.3,54.8
40035,24.7,11.3,23.6,11.2,29.2
40037,15.4,7.4,14.5,21.2,41.5
40039,0.6,27.4,41.3,13,17.7
40041,18.8,18.7,20.2,10.7,31.6
40043,6.6,18.5,28.6,21.9,24.4
40045,13.2,22,13.5,20.7,30.6
40047,23.3,10.3,12.7,28,25.8
40049,7.5,8.7,15.7,24.9,43.3
40051,4.7,9.8,18.5,24.9,42.2
40053,20.5,13.6,14.5,25.5,25.7
40055,7.3,19,14.8,22.5,36.5
40057,10.5,15.8,16,23.9,33.8
40059,15.8,18.9,11.8,25.7,27.8
40061,14.6,9,20.3,25.8,30.3
40063,8.9,3.7,14.6,21.3,51.4
40065,2.1,12.7,14.8,29.1,41.1
40067,8.4,10.8,16.3,14,50.5
40069,8.8,13.7,15.7,24.4,37.4
40071,9.9,12,13.5,22.5,41.9
40073,4.6,9.3,5,19.2,61.9
40075,2.5,19,13.1,23.9,41.5
40077,15.9,13.6,18.4,27.7,24.5
40079,14.2,15.2,15.6,19.6,35.4
40081,13.5,10.3,20.4,22.2,33.7
40083,3,2.7,11.4,31,51.9
40085,18.8,8,10.3,19.5,43.5
40087,9.2,9.9,6.8,19.7,54.5
40089,13.1,14.1,11.7,18.7,42.3
40091,8.5,5.7,26.5,22.1,37.3
40093,16.9,7.2,21.2,28.5,26.1
40095,13,7.4,11.4,25.6,42.5
40097,17.3,17.5,21.3,13.5,30.3
40099,4.2,15.4,24.7,21.8,34
40101,6.3,8.8,26.2,19.8,38.8
40103,6.9,8.5,10,25.3,49.3
40105,14.8,12.1,16.4,18.1,38.6
40107,11.2,3.5,24.1,19.3,41.9
40109,9.6,6.4,9.7,22.5,51.8
40111,7.8,5.2,20.4,27.6,39
40113,7.7,10.3,23,21.8,37.2
40115,15.4,13,22.9,15.1,33.7
40117,17.8,8.5,15.9,21.3,36.5
40119,8.3,6.8,12.9,20.7,51.4
40121,11.7,11.2,15.3,36,25.8
40123,2.9,3.3,10.2,23.5,60.1
40125,4.2,5.2,27.8,23.6,39.2
40127,7.7,15.2,12.2,26.1,38.8
40129,10.9,24.8,19.2,9.1,36
40131,9.7,10.5,16.4,20.1,43.3
40133,9.5,3.4,22.5,16.9,47.8
40135,10.6,11,20.9,21.2,36.2
40137,4.1,8.8,21,28.6,37.5
40139,12.3,12,10.2,22.5,43
40141,4.2,14.2,11,22.5,48
40143,7.4,6.1,14.1,24.3,48.2
40145,3.2,11.2,17.5,30.6,37.5
40147,11.8,18.3,16.2,19.2,34.5
40149,2.4,25.6,24.3,16.4,31.3
40151,16.5,11.6,16.6,28.1,27.2
40153,14.6,23.2,14.5,24.7,22.9
41001,5.1,18.9,17.9,18.9,39.2
41003,0.7,0.7,5.9,15.6,77
41005,1.6,2.4,7.1,16.8,72.1
41007,5.2,2.7,5.1,7.3,79.7
41009,4.8,1.5,15.8,17.4,60.4
41011,12.8,6.1,13.6,9.9,57.7
41013,1.9,7.5,2.7,24.6,63.3
41015,2.5,5.8,10,16.2,65.5
41017,1,6.1,1.4,25,66.6
41019,8.2,5.2,11.6,23.9,51.1
41021,0.8,0.3,4.9,33.2,60.7
41023,1.4,6.2,13.2,12,67.1
41025,3.2,9.9,11.4,15.7,59.8
41027,3,7.1,12.7,16.2,61
41029,4.4,7.7,7.5,13.8,66.5
41031,1.8,6.2,1.2,25,65.7
41033,2.8,5.6,7.2,19.2,65.2
41035,9.7,3.1,6.2,22.7,58.3
41037,5,1.7,12.7,24.7,55.8
41039,3.1,3.6,7.7,13.7,71.9
41041,0.1,1.2,4.7,13.1,81
41043,5.7,2.5,9.6,15.9,66.4
41045,7.1,20.6,21.3,20.6,30.5
41047,2.9,1.3,5.3,19.6,71
41049,2.6,0.4,8.3,19.7,69
41051,1.3,1.6,5.4,17.8,73.8
41053,1.3,2.2,7.8,24.2,64.5
41055,0.8,1.4,4.6,27.1,66
41057,12.5,4,9.2,16.3,58.1
41059,4.3,1,8.1,15.5,71
41061,3.4,8.8,8.6,18.9,60.3
41063,4.1,8.3,14.6,22.9,50.1
41065,1.9,3.4,6.9,19.7,68.1
41067,0.6,0.9,5.9,16.9,75.6
41069,2.3,7,4.9,23.2,62.6
41071,2.1,3.5,7.2,14.3,72.9
42001,3.9,3.4,8.3,23.8,60.6
42003,1.7,2.2,3.5,16.5,76.1
42005,2.7,7.4,15.9,17.3,56.8
42007,1.5,2.3,10,13.7,72.5
42009,1.4,11.1,10,20.5,57
42011,3.6,1.2,6,17.4,71.9
42013,4.1,13.2,8.3,24.9,49.5
42015,4.2,1.7,5.1,19.4,69.7
42017,1.4,1.8,3.2,13.1,80.5
42019,3.5,6.2,6.2,19.4,64.7
42021,2.6,6.2,15.3,22.8,53
42023,14.7,1.4,4.8,14.2,64.9
42025,1.3,6.2,1.5,14.5,76.4
42027,1.7,1.3,7.6,10.1,79.2
42029,0.6,2.2,3.8,11.3,82
42031,5.7,3,15.2,15.5,60.5
42033,5.1,5.5,17.6,20.6,51.2
42035,1.4,2.4,7.7,19,69.6
42037,2,4.6,5,16.3,72.1
42039,2.4,1.6,13.6,26.6,55.8
42041,3.1,3.2,18.3,19.2,56.2
42043,3.2,2.3,25.8,14.7,53.9
42045,1,1,4.4,12.3,81.4
42047,5.5,1.6,8.4,15,69.5
42049,1.6,2.5,5.7,13.6,76.6
42051,5.3,6.4,14.4,16.1,57.8
42053,1.6,0.8,15.8,19.6,62.2
42055,2.3,4,8.2,24.8,60.7
42057,1.3,14.5,5.3,23,55.9
42059,10.4,11,18.7,12.4,47.5
42061,7,6,15.5,23.2,48.3
42063,1.5,4.7,6.6,22,65.2
42065,8.3,4.6,14.2,19.7,53.1
42067,6.5,6.8,9.3,21.4,56
42069,0.7,0.6,3.9,10.6,84.3
42071,3.7,1.3,5.4,17.2,72.4
42073,3.4,7,9.3,30.1,50.3
42075,2.6,0.8,6.2,17.8,72.5
42077,1.4,0.4,5.3,10.3,82.6
42079,1.6,2.4,4.5,13.6,77.9
42081,6.2,5.7,6,20.7,61.4
42083,1.2,0.4,3,13.4,82
42085,2.8,4.4,9.4,21.5,62
42087,8.4,4.9,12.9,17.1,56.7
42089,1.9,4.7,5.2,6.1,82.2
42091,1.6,1.9,4.4,16,76.1
42093,4.2,2.2,7.9,14.3,71.4
42095,1.5,1.2,3.4,11.8,82.2
42097,6.4,1.3,7.8,19.7,64.9
42099,3.5,1.7,10,19.9,64.9
42101,2.3,1.2,5.1,12,79.4
42103,1,1.3,3.6,16.5,77.7
42105,6.1,1.1,6.1,12,74.7
42107,6.6,0.2,4.8,17.3,71.1
42109,6.2,3.6,10.4,22.6,57.2
42111,4.1,4,18.8,26.7,46.4
42113,2.5,3.5,3.8,14.1,76
42115,4.6,2.9,3.8,6.5,82.2
42117,9.8,4.4,11.1,18.3,56.5
42119,7.8,3.2,10.3,21.1,57.6
42121,0.4,1.5,11.5,15.2,71.4
42123,0.9,1.9,11.4,22.4,63.4
42125,5.2,2,4.5,14.9,73.5
42127,0.4,0.9,8,8,82.8
42129,1.7,7,6.9,17.2,67.3
42131,3.5,0.8,4.9,7.2,83.6
42133,1.8,2.4,9.1,17.4,69.3
44001,0.7,0.3,2,14.3,82.7
44003,1.6,0.3,5,12.3,80.7
44005,0.4,0.6,4.6,12.9,81.5
44007,2.2,1.4,5,15.9,75.4
44009,1.2,2.2,3.4,12.6,80.7
45001,11.7,10.2,24.3,16.6,37.1
45003,10,8.6,11.6,19.3,50.5
45005,17.2,21.1,1.2,22,38.4
45007,6.9,6.5,13.8,26,46.8
45009,16.7,3.1,5.3,23.5,51.5
45011,16.9,6.7,3.5,28.1,44.7
45013,3.8,2.7,5.5,14.7,73.3
45015,5,7.4,10.7,17.1,59.7
45017,6,4.7,12.9,17.3,59.2
45019,3.6,5.9,6.2,18.6,65.7
45021,8.8,8.3,12.1,17.9,52.8
45023,15.1,6.5,5.5,23,50
45025,11.7,7.9,14.8,12.9,52.6
45027,8.3,14.7,12.8,15.7,48.6
45029,8.8,7.7,9.4,10,64.1
45031,15.3,8.3,11.4,10.3,54.8
45033,15.6,5.6,18.8,17,43
45035,7.1,7.1,12.3,16,57.6
45037,9.9,8.4,8.3,16.5,56.9
45039,4.6,3.2,4.6,31,56.6
45041,11.4,8,13.3,10.9,56.4
45043,4,1.4,7.9,19.1,67.5
45045,4.9,7.9,15.3,20.6,51.3
45047,7.4,8.7,22.6,15.1,46.3
45049,13,15.6,2.5,14.8,54.2
45051,8.6,5.2,8.1,19,59.1
45053,12.9,5.5,5.6,20.1,55.9
45055,6.2,1.9,11.4,18.9,61.6
45057,6.7,6.8,4.8,22.4,59.4
45059,9,10.2,16.4,21.4,43
45061,12.3,6,15.4,15.7,50.6
45063,4.4,3.8,12.9,21.4,57.6
45065,7.2,11.5,10.6,20.2,50.5
45067,28,3.6,18.2,12.7,37.6
45069,15.5,2.7,15.3,14.9,51.5
45071,7.8,12.8,6.2,20.2,52.9
45073,14.2,6.1,10.3,22.1,47.2
45075,13.5,5.6,11.1,16.9,52.9
45077,6.6,5.9,14.6,23.6,49.3
45079,3,1.6,9.9,23.5,62
45081,5.3,9.5,11.7,20.6,52.9
45083,6,9.1,12.6,22.7,49.6
45085,12.8,5.4,15.4,18.2,48.3
45087,14,2,7.4,30.5,46.2
45089,3.4,5.7,12,15.8,63.1
45091,5.7,7.4,6.2,20.4,60.2
46003,23.9,7.3,23.6,15,30.2
46005,23.4,10.4,14.7,17.3,34.2
46007,14.7,5.2,11.7,32.7,35.6
46009,10.8,20.5,19.8,19.3,29.5
46011,4,12.4,26.3,22.9,34.5
46013,25.6,9.8,14.2,16.6,33.8
46015,16.3,7.5,16.8,26.4,33
46017,16.1,5.9,15.7,25.3,37.1
46019,12,8.5,15.3,20.4,43.8
46021,15.5,16.7,12.2,27.7,27.8
46023,11.7,14.9,25.4,19.2,28.8
46025,21.1,14.7,17.2,12.5,34.5
46027,9.1,17.8,11.6,24.3,37.3
46029,18.5,14.4,25,11.7,30.5
46031,14.4,19,13.4,28.5,24.7
46033,13.2,8.8,15.6,22.9,39.6
46035,24.9,7.4,30.3,10.7,26.7
46037,25.6,14,17.5,11.8,31.1
46039,13.6,11.1,27.5,16.9,30.9
46041,6.9,5.7,14.1,23.7,49.7
46043,18.9,10.8,26.9,14.6,28.9
46045,21.7,8.8,15,19.7,34.8
46047,14.1,9.3,15.2,25,36.4
46049,20.5,7.9,14.6,19.8,37.2
46051,25.9,12.9,23.2,12,26
46053,11.3,11.8,20.6,26.4,29.9
46055,11.7,5.1,15.1,24.1,44
46057,11.9,14.3,25.6,13.7,34.5
46059,18.2,7.1,14.7,22.5,37.6
46061,18.5,10.7,26.9,14.8,29
46063,10.5,6.8,14.5,23.5,44.6
46065,9.1,2.7,10.9,25.1,52.3
46067,12.9,16.3,19.9,18.8,32.1
46069,14.2,5.3,14.2,23.4,43
46071,12.9,5.2,13.6,28.1,40.1
46073,23.3,7.3,18.5,18.4,32.6
46075,11.5,3,10.1,29.3,46.2
46077,12.8,13,21.7,18.4,34.1
46079,11,14.4,18.3,23.7,32.6
46081,12.4,8.9,15.4,20.5,42.8
46083,7.8,18.1,10.6,25,38.5
46085,13,4.6,11.9,28.7,41.9
46087,11.3,15.4,14.4,23.8,35
46089,20.4,9.1,16.1,22,32.3
46091,19.6,14.6,18.3,16.1,31.3
46093,12.3,7.8,16.1,21.4,42.5
46095,13.6,2.8,9.1,34,40.5
46097,16,12.3,21.6,21.8,28.4
46099,8.7,18.7,10.6,25.1,36.9
46101,7.8,18.3,16.5,24.5,32.9
46102,15,7.5,13.9,28.1,35.5
46103,12.7,7.8,15.9,22.2,41.4
46105,13.2,8.1,18.5,24.3,36
46107,13.1,6.7,14.7,22.5,43.1
46109,24.1,17.5,16.4,9.4,32.6
46111,25.2,9.5,22.2,15.5,27.6
46115,23.2,10.3,13.2,17.3,36
46117,8,2.4,10.4,24.5,54.6
46119,8.4,3.1,12.8,22.8,52.8
46121,14.7,3.1,9.7,36.8,35.7
46123,14.2,6.6,13.8,31.1,34.3
46125,8.4,17.6,11.5,25.1,37.5
46127,8.2,17.7,12,20.4,41.8
46129,14,14.4,13.2,26.5,31.8
46135,10.9,20.5,16.7,26,25.9
46137,10.5,5.3,17.2,23.5,43.4
47001,8.8,10.5,11.2,21.5,48
47003,16.4,9.3,24.6,24.8,24.9
47005,16.9,10.9,20.6,21,30.6
47007,8.2,12.2,13.1,25.1,41.5
47009,6.9,8.9,9.7,18.3,56.2
47011,12.1,9.8,12.6,28.2,37.3
47013,5.9,7.5,20.4,10.9,55.4
47015,20.9,8.9,23.8,18.2,28.2
47017,17.9,8.8,16.3,23.4,33.7
47019,11.5,3.1,15.1,21.5,48.7
47021,1.8,6.7,15.5,28,48
47023,10.8,6.8,12.2,36.2,34
47025,16.3,11.4,9.1,23.6,39.7
47027,9.9,10.5,26.4,12.6,40.6
47029,19.7,11.8,8.2,17.1,43.1
47031,16.5,9,17.4,20.8,36.3
47033,14,7.8,12.3,22.6,43.2
47035,9.6,9.3,20.1,21.4,39.5
47037,2,3.7,8.6,18.1,67.7
47039,17.5,17.1,16.8,16.8,31.8
47041,15.7,15.2,23.1,13.2,32.8
47043,5.4,7.6,7.9,33.6,45.5
47045,17.5,17,12,20.4,33.1
47047,2.2,0.1,8.9,20.5,68.2
47049,12.3,12.2,15.7,16.2,43.7
47051,16.6,9.2,13,20.1,41.1
47053,18.2,8.6,11.1,26,36.1
47055,6.1,6.8,19.2,23.7,44.1
47057,12.6,13.4,12.9,22.1,39
47059,12.5,17.8,3.3,25.4,41
47061,14.2,16.5,15.1,21.2,33
47063,15.7,11.3,12.1,18.9,42
47065,11.6,11.6,12.9,22.9,41.1
47067,14.8,24.3,5.9,14,41
47069,3.5,5.6,21.5,26.1,43.4
47071,14.2,14,10.7,24.1,37.1
47073,11.8,14.6,13.2,19.6,40.7
47075,8.6,2.6,16.9,15.5,56.5
47077,12.7,10.7,15.6,28.2,32.7
47079,9.2,9,26.4,20.7,34.7
47081,6.3,5.7,8.2,21.7,58.1
47083,10.8,4.9,11.6,33.7,39
47085,12.1,9.5,15.6,26.7,36
47087,13.8,12.8,24.9,9.3,39.2
47089,15.1,9.2,14.9,17.6,43.1
47091,10.7,7.9,14.1,26.1,41.2
47093,3.6,3.2,14.4,20.9,57.9
47095,13.3,14.3,16.6,20.1,35.7
47097,6.4,9.4,19.1,14.2,50.8
47099,7.4,12.9,15.6,19.2,45
47101,9.8,8.4,19.8,23.6,38.5
47103,12.6,18.7,10.6,21.4,36.7
47105,4.1,6,10.7,21.9,57.3
47107,7.7,8.7,15.5,29.8,38.4
47109,10.7,10.5,11.5,27.4,40
47111,14.6,8.5,21.5,8.3,47
47113,10,5.6,12.9,33.4,38.1
47115,11.5,12.2,13.5,24.7,38.1
47117,21.9,12.9,13.9,16.4,34.9
47119,11.9,7,19,15.6,46.6
47121,8,11.8,13.6,21.4,45.3
47123,7,13.8,16.5,22.9,39.7
47125,8.3,6.3,20.3,22.8,42.3
47127,17.3,10.1,17.6,23.5,31.6
47129,8,11.3,7.7,31.8,41.3
47131,11.7,12.5,18.7,24.6,32.5
47133,12,13.1,22.8,12.8,39.3
47135,18,14.8,13.7,15.9,37.6
47137,10.5,12.8,21.9,13.3,41.6
47139,8.9,6.9,15,24,45.2
47141,16,16.4,20.7,9.9,36.9
47143,9.6,15.4,11.3,15.4,48.3
47145,7.4,14.2,10.5,27.4,40.5
47147,18.7,6.9,8.1,15.9,50.4
47149,8.1,7.3,12.1,21.5,51
47151,12.1,14.4,15.4,21.9,36.2
47153,10.8,8.7,17.7,28.9,33.9
47155,3.9,7.2,15,18.3,55.6
47157,3.4,2.5,10.5,18.4,65.3
47159,8.8,9.1,20.2,11.3,50.7
47161,7.1,4.5,15,21.4,52.1
47163,9.6,9.1,14.3,18.7,48.3
47165,10.4,6.9,14,19.6,49
47167,8.1,2.5,22.3,13.8,53.3
47169,11.2,6.3,24.1,13.3,45.2
47171,4.9,4.1,10.8,30.6,49.7
47173,8.6,14.5,16.7,18.1,42.1
47175,14.5,14.7,14.7,23.9,32.3
47177,14,10.7,18.9,21.2,35.2
47179,6.1,7.4,16.6,21.8,48
47181,8.9,21.5,13.6,14.7,41.4
47183,9.3,13.5,22.8,25.1,29.2
47185,18.5,20.5,16.2,11.5,33.3
47187,1.9,7.3,9.1,21.2,60.4
47189,10.5,3.5,9.9,19.2,56.8
48001,17.2,10.4,9.5,8.8,54.1
48003,9,4.4,6.7,20.2,59.7
48005,12.1,6.4,7.9,20,53.6
48007,0.6,0.5,17,7.4,74.6
48009,8.1,5.3,9.9,9.1,67.6
48011,8,6.6,11.6,25,48.8
48013,0.1,1,3.2,15.6,80.2
48015,0.6,2.4,5.4,22.4,69.2
48017,1.8,10.6,6,21.7,59.8
48019,7.3,1.8,7,9,74.9
48021,0.7,2,8.4,16.1,72.9
48023,6.6,7.5,13.4,10.4,62
48025,0.1,0.3,5.2,19,75.3
48027,1,3.5,7.8,20.5,67.2
48029,1.5,1.6,5.7,9,82.2
48031,0.5,1.9,11.5,7.4,78.8
48033,3.9,11.5,12.5,10.7,61.4
48035,3.1,15.4,10.2,24.8,46.5
48037,5.8,13.4,11.4,22.1,47.3
48039,2.1,4.2,7.5,17,69.1
48041,1.2,3.8,6.7,34.7,53.7
48043,1.1,1.2,7.7,17.2,72.8
48045,10.5,7.7,11.3,18.7,51.8
48047,6.1,0.4,16.6,9,67.8
48049,8.5,7.7,6.6,23.9,53.4
48051,2,7.2,7.1,28.1,55.5
48053,3.1,3.9,5.5,19.4,68.2
48055,0.1,0.1,6.3,18.5,75.1
48057,1.9,2.8,17.9,7.1,70.3
48059,4.9,6,11.9,20.5,56.7
48061,3.5,6.1,3.4,5.6,81.3
48063,1.7,6.4,21.3,23.5,47.1
48065,9.9,6.4,12.4,25.2,46.2
48067,3.4,14.5,17,20.9,44.1
48069,5.7,5.1,4.3,29.6,55.3
48071,2.7,9.4,7.8,20.1,60
48073,12.3,6.3,14.8,19.2,47.5
48075,14.7,12.4,18.9,20.6,33.4
48077,6.6,4.9,10.5,8.7,69.3
48079,2.9,7.8,6.8,22.9,59.5
48081,3.9,5.6,9.3,24.1,57.2
48083,5.3,4.8,8.4,25.9,55.6
48085,2.1,2.6,5.4,18.1,71.9
48087,23.9,14.2,17.6,16,28.4
48089,0.4,4.4,7.8,22.8,64.5
48091,0.7,4.4,6.3,14.6,74
48093,4.5,7.5,5.9,20,62.1
48095,1.2,2.9,7.2,27.9,60.7
48097,11.8,2.6,5.6,20.7,59.4
48099,1.5,2.7,14.2,19.4,62.2
48101,10.7,10.6,18.8,17.6,42.3
48103,8,5.6,9.6,19.9,57
48105,2.6,7.1,7.2,22.5,60.6
48107,3.1,7.1,5.8,22.7,61.3
48109,12.5,0.6,3.9,17.6,65.4
48111,11.9,7.4,12.3,28.9,39.6
48113,2.4,1.9,5.9,14.1,75.7
48115,3,2.3,7.4,11.5,75.9
48117,6.3,6.3,9.5,28.4,49.4
48119,4,7.4,9.4,28.5,50.7
48121,1.6,2.5,4.6,20.4,70.9
48123,0.3,1.9,9.1,6.1,82.7
48125,3.2,7.1,11.1,25.4,53.2
48127,2.1,5.9,9.7,13.3,69
48129,13.9,6.5,14.7,21,43.9
48131,12.2,0.3,13.2,5.3,69.1
48133,5.5,8.9,10.4,19.5,55.7
48135,8.5,4.7,7.6,20.4,58.8
48137,1.6,4.7,14.5,10.1,69.1
48139,2.7,1.7,4.4,19,72.2
48141,0.7,0.7,3.3,7.5,87.7
48143,1.7,9.6,7.5,20.2,60.9
48145,0.9,2.9,6.1,18.7,71.5
48147,11.7,12.6,13.1,22.6,40
48149,0.6,5,25.9,14.2,54.3
48151,9.7,9.7,10.9,18.6,51
48153,4.9,6.3,4.3,21.6,62.9
48155,4.5,10.1,23,14.7,47.7
48157,2.4,3,5.7,11.5,77.4
48159,1.3,5.5,13.1,32.7,47.4
48161,2.5,12.1,8.5,13.7,63.2
48163,13.6,0.7,3.8,10.8,71
48165,12.1,3.4,3.3,17.6,63.6
48167,3.3,3.7,10.5,20.7,61.7
48169,3.4,7.9,6.7,20.7,61.2
48171,9.5,9.1,10.7,11.4,59.2
48173,6.9,5.4,5.8,23.4,58.6
48175,0.1,2.5,16,7.7,73.7
48177,0.1,0.1,9.1,7.8,82.8
48179,13.9,6.9,13.4,22.2,43.6
48181,6.4,6.3,9.5,24.7,53
48183,5.3,6.4,7.4,18.6,62.3
48185,2.5,4.7,4,34.8,54
48187,2.7,2.2,3.2,12.5,79.4
48189,6.6,5.8,2.8,23.9,60.9
48191,17.9,6.5,19,15.7,41
48193,1.9,8.5,13.7,26.7,49.3
48195,13.6,7.6,12.6,23.4,42.8
48197,4.2,11.6,23.7,22.3,38.1
48199,2.1,5.4,10.2,18.7,63.6
48201,1.9,2.4,6.9,15.2,73.6
48203,8.6,3.7,8.8,19,59.9
48205,10,7,11.6,28,43.4
48207,8.7,12.8,13.7,20.9,43.9
48209,0,0.7,2.2,11.5,85.5
48211,18.9,12.5,13.9,13.8,40.9
48213,4.3,7.2,12.7,19.7,56
48215,5.5,0.3,3.3,8.4,82.6
48217,4.7,8.3,2.9,24.2,59.9
48219,3.1,7.2,6,23.7,60
48221,0.9,12.2,13.5,12.4,61
48223,5.4,2.6,6.2,36.9,48.8
48225,18.2,9,10.4,15,47.4
48227,6.3,6.3,6.1,21.8,59.6
48229,1.3,0.3,7.6,2.9,88
48231,6.9,7.2,8.2,28.5,49.2
48233,11.2,6.4,12.8,24.9,44.7
48235,0.9,4.7,5.8,27.6,61
48237,0.9,1.8,1.2,37,59.2
48239,2,6.2,14.6,7.5,69.6
48241,4,5.5,6.8,12.5,71.2
48243,0.9,0.5,3.8,18.6,76.3
48245,3.6,7.5,11,17.1,60.8
48247,7.1,0.3,7.9,9.9,74.8
48249,5.7,0.7,13.7,5.1,74.8
48251,2.4,7.9,5.6,19.9,64.2
48253,6.4,7.9,12.1,19.3,54.3
48255,0,0.1,10.4,14.5,75
48257,6.3,5.8,4.1,15.5,68.2
48259,0.2,5.9,7.6,15.8,70.5
48261,4,1,8,9.8,77.2
48263,6.9,16.8,17.2,16.7,42.4
48265,5.9,14.9,16.7,15.4,47.2
48267,3.6,12.6,16.5,20.7,46.6
48269,6.5,10.8,17.7,25.4,39.7
48271,0.4,5.9,12.1,8.4,73.3
48273,6.3,1.5,7.5,12.1,72.6
48275,6.3,10.5,18.4,14.5,50.2
48277,5.4,9.5,13.5,23.8,47.8
48279,3.8,6.5,4.6,25.5,59.7
48281,2.4,1.9,7.7,23.3,64.8
48283,15.2,0.2,8.3,9.7,66.7
48285,0.8,2.9,11.4,11.4,73.6
48287,3.5,12.2,14.8,14.2,55.3
48289,8.9,7.8,11.1,19.2,53.1
48291,1.9,3.4,11.4,18.2,65
48293,0.5,8.6,6.1,8.7,76.2
48295,14.7,14.3,9.9,19.5,41.5
48297,0.5,0.3,8.1,18.9,72.2
48299,8,3.6,5.6,21.4,61.5
48301,10.9,4.7,8.1,22.1,54.3
48303,3.1,7.2,5.6,23.2,61
48305,3.2,6.8,5.4,22.2,62.4
48307,3.1,5.3,9,34,48.6
48309,2.2,4.9,4.6,16.1,72.1
48311,4.3,0.2,21,20.3,54.2
48313,6.5,3.2,9.7,33.7,46.9
48315,7.6,6.7,11.8,21.1,52.8
48317,7.5,4.3,5.6,23.5,59.1
48319,4.3,9.1,16.3,24.7,45.6
48321,0.4,5.1,11.3,16.1,67
48323,0.5,9.1,12.9,13,64.5
48325,0.6,1.7,7,15.5,75.3
48327,1.3,4.8,8.8,28.9,56.2
48329,8.3,4.4,6.6,21.9,58.8
48331,0.6,1.9,7,22.8,67.9
48333,4.1,11.7,6.2,26.1,51.8
48335,16.8,13.1,8.7,12.6,48.9
48337,4.1,8,12.9,22,52.9
48339,3.1,7.3,6.1,14.5,69
48341,10.1,6.4,12.3,27,44.1
48343,3.8,11.6,21,17.6,46
48345,6.7,5.3,8.4,20.6,59.1
48347,9.4,6,9.7,22.1,52.8
48349,0.6,2.4,11.4,21.7,63.9
48351,5.7,4.9,11,15.2,63.1
48353,9,7.2,10.8,18.7,54.4
48355,2.4,3.4,2.8,7.9,83.5
48357,15,10.4,10.5,20.1,43.9
48359,8.4,6.5,10.9,27.8,46.4
48361,5.1,7,10.5,15.7,61.8
48363,2.7,2.3,2.9,18.1,74
48365,2.7,3.3,21.1,28.1,44.8
48367,2,4.8,5.5,20.6,67.1
48369,3.3,8.1,8.9,27.7,52.1
48371,5,5.1,15,19.7,55.1
48373,1.6,9.9,5.2,14.4,68.9
48375,6.7,6.3,11.3,27.2,48.5
48377,0.3,0.3,3.2,17.4,78.9
48379,14.3,6.2,3.8,24.5,51.2
48381,6.3,6.3,10.9,27.4,49.1
48383,5.8,6.1,6.4,23.7,58
48385,3,6.5,16.4,18.7,55.4
48387,5.9,13.6,9.8,25.4,45.2
48389,7,4,8.6,20.4,60
48391,0.2,1.1,23.5,7.3,67.8
48393,16,7.4,13.3,20.5,42.7
48395,1.4,4.1,5.5,33.4,55.5
48397,3.3,4.1,10.1,18,64.5
48399,3.3,3.9,10.4,22.8,59.6
48401,3.8,4,10.1,33.1,49.1
48403,10.5,4.6,10.3,15,59.6
48405,9.6,3.3,7,22.2,58
48407,0.9,6.4,8.2,11.2,73.3
48409,1.5,2,5.3,7.4,83.8
48411,2.6,10.1,9.9,25.5,51.9
48413,0.2,2.9,5.4,27.1,64.4
48415,14.3,17.7,12.7,9,46.3
48417,6.1,9.9,14,18.3,51.8
48419,2.5,3.5,11.7,36.9,45.3
48421,12.5,7.3,12.9,26.7,40.6
48423,10.8,9.1,10.4,16.8,52.9
48425,2.7,16.1,13.3,20.1,47.7
48427,3.9,0.8,2.3,10,83.1
48429,5.8,14.9,22.1,12.7,44.5
48431,3.2,7.7,6.7,25.2,57.2
48433,8.4,12.2,12,22.4,44.9
48435,0.9,4.2,8,20.9,65.9
48437,8.4,7.5,5.3,25.5,53.2
48439,2.3,3.4,7.7,14.4,72.2
48441,5.4,5.9,12,19.1,57.5
48443,2.1,6.1,16.7,15.4,59.7
48445,3.4,6.6,6.1,22.6,61.3
48447,7.3,13.5,17.2,11.8,50.1
48449,1.9,11.7,19.1,26.4,40.9
48451,0.7,3.8,7.1,27.1,61.3
48453,1.5,0.8,2.4,15.8,79.5
48455,5.2,7.7,6.5,18.1,62.5
48457,2.1,6.6,5.4,15.5,70.3
48459,5.1,7.6,10.4,17.9,59
48461,7.7,5.8,8.8,21,56.7
48463,1.4,2.2,13.6,8.1,74.7
48465,0.3,5,9,7.2,78.4
48467,13.8,14.3,15.1,16.1,40.7
48469,0.8,3.9,13.8,5.8,75.7
48471,2.9,5.8,7.9,17.9,65.5
48473,1.6,6,7,23.6,61.8
48475,8,5.2,9.4,19.7,57.7
48477,2,3.1,8.7,32.8,53.4
48479,3.3,0,6.4,13.6,76.7
48481,1.1,7.2,7.6,21.6,62.5
48483,23,13.9,15.8,12.6,34.6
48485,7.3,4.6,9.6,9.2,69.2
48487,4.6,8.1,17.1,16.8,53.5
48489,3.4,1.5,6.7,6.4,82
48491,1.6,3.3,6.5,17.7,70.8
48493,0,0.3,7.2,20.8,71.6
48495,8.7,5,8.6,19.6,58.1
48497,0.8,12.7,4.6,17,64.9
48499,4.6,7.3,7.1,28.3,52.6
48501,8.4,3.5,6.5,25.4,56.1
48503,6.2,6.3,8.6,14.4,64.5
48505,4.7,0.1,3.5,13.8,77.9
48507,3.6,7.5,11.5,13.8,63.5
49001,9.9,2.6,27.1,28.3,32
49003,8.4,11.6,11.1,27,41.9
49005,9,10.8,8,31,41.1
49007,10.7,13.4,11.4,29.3,35.3
49009,9.1,29.6,10.2,33,18.1
49011,3.5,5.5,7.7,31.4,51.8
49013,5.1,25.9,3.3,46.9,18.8
49015,12.2,10.9,10.6,23.9,42.4
49017,6.2,5.6,23.2,26.4,38.6
49019,5.6,11.1,9.8,17.6,55.8
49021,6.5,3.6,22,26.2,41.7
49023,33.5,2.3,7.9,19.3,36.9
49025,6.1,4.1,22.6,22.7,44.5
49027,43.2,2.3,8.8,17.1,28.6
49029,9.2,15.5,5.3,37,33
49031,9.7,6.1,26.6,30,27.6
49033,7.7,11.3,6.2,32.7,42.1
49035,2.8,3.2,9.4,20.2,64.4
49037,4,6.4,4.2,21,64.4
49039,10.7,4.3,10.4,27.3,47.3
49041,15.2,9.6,17.1,30,28.2
49043,1.8,10,5.4,17.7,65.1
49045,0.2,11.4,14.1,21.2,53.2
49047,12.1,26.9,4.6,38.9,17.5
49049,6.8,3.5,19.5,24.4,45.8
49051,3.9,6.3,5.6,25.4,58.8
49053,3.4,5.6,12.3,26.9,51.8
49055,6.8,12.9,11.4,26.9,42
49057,6.6,8.9,7.2,28.7,48.6
50001,2.9,4.5,8.6,13.9,70.2
50003,2.8,5.8,6.1,8.4,77
50005,7.6,12.1,7.8,15.4,57
50007,3.1,7,6.5,11.5,71.8
50009,5.4,7.5,8.3,15.8,63.1
50011,4.2,5.8,5.6,13.4,71
50013,3.1,3.9,8.8,11.3,72.9
50015,2.7,18.1,6.2,14.1,59
50017,2.9,9.5,7.3,10.7,69.6
50019,7,17.4,6.1,14.9,54.6
50021,3.1,3.7,8.8,20.5,63.9
50023,5.1,19,10.4,5,60.4
50025,7.5,3.1,3.5,15.1,70.8
50027,6.1,5.5,3,22.7,62.7
51001,0.1,1.9,5.5,10,82.4
51003,2.3,2.2,5.4,9.3,81
51005,14.5,3.4,12.3,17.4,52.5
51007,1.3,6.9,11.6,13,67.2
51009,6.4,3.3,7.4,20.4,62.5
51011,6.3,1.8,10.5,20.4,61
51013,1,1.8,3.5,18.7,75
51015,2.9,3.7,6.1,17.3,70.1
51017,9.9,4.5,12.1,16.5,57
51019,5.2,9,11.5,24.8,49.5
51021,8.1,11.4,20,16.6,44
51023,4.3,7.9,10.6,22.1,55.1
51025,0.6,0.3,15.8,14.5,68.8
51027,3.7,9.9,21.9,18.1,46.3
51029,2,1,12.4,13.2,71.4
51031,7,4,8.3,22.2,58.5
51033,4.7,3.2,3.1,14,75
51035,6.4,7.3,8.4,28.5,49.6
51036,1.7,2,10.3,17.7,68.3
51037,8.4,2.5,14.8,13.3,61
51041,2.6,3,8,21.6,64.9
51043,1.3,3.6,5.7,15.4,74
51045,1.7,2.2,14.8,18.2,63.2
51047,5.3,6.8,1.3,21.3,65.3
51049,1.2,5.5,9.8,13.7,69.9
51051,3.1,12.9,12.9,18.2,52.8
51053,2.2,1.6,10.4,19.3,66.4
51057,1.6,8.1,18.1,16,56.3
51059,1.8,1.6,5.4,16.3,74.8
51061,4,1.3,4.2,13.3,77.2
51063,7.9,6.3,9.2,25.6,51
51065,3.7,1.4,7.7,10,77.2
51067,7.4,9.8,6.9,18.9,57
51069,2.6,4.8,4.8,26.4,61.4
51071,6.6,9,14,13.7,56.7
51073,0.3,0.4,3.5,23.4,72.4
51075,3.4,4.3,6.5,9.7,76.1
51077,14.1,6.5,7,19.6,52.7
51079,1.1,3.8,5.2,15.3,74.7
51081,1.4,0.2,14.5,15.8,68.1
51083,9.2,2.8,7.2,16.5,64.3
51085,4.3,5.2,8.7,25,56.8
51087,4,3.7,7.1,19.1,66.2
51089,6.3,8.5,13.2,15.4,56.6
51091,5.9,4.1,10.3,19.7,59.9
51093,3.9,5.5,5.9,27.7,56.9
51095,0.6,0.8,0.5,23.1,75
51097,0.7,4.1,14.9,19.1,61.2
51099,15.1,4.4,8.6,5.3,66.6
51101,1.2,7.2,20.1,16.9,54.6
51103,0.1,2.2,12.1,17.8,67.8
51105,10.7,13.5,7.2,10.4,58.2
51107,1.4,1.2,3.8,17.3,76.3
51109,2.5,4.5,3.6,14.6,74.8
51111,6.8,0.6,13.4,14.3,64.9
51113,1.7,9.7,6.4,15.4,66.8
51115,0.1,0.1,4.9,19,76
51117,6.3,2.2,12.8,14,64.8
51119,0.1,0.4,10.3,23.7,65.4
51121,5.6,4.2,9,17.1,64
51125,1.1,1.5,10.6,16.7,70.1
51127,0.8,3.5,7.9,17,70.8
51131,0.1,3.7,8.9,11.2,76.1
51133,1.7,3.8,9.5,14.1,71
51135,4.4,1.4,9.9,18.2,66.1
51137,3.3,13.2,3.8,15.3,64.3
51139,2.5,5.2,23.7,16.6,52
51141,4.2,9.8,16.6,20.3,49.1
51143,10.6,4.5,14.7,13.5,56.7
51145,1.2,9.2,7.4,16.2,66
51147,5.9,0.9,13.8,15.4,64
51149,3.3,3.3,12.7,18.9,61.9
51153,4.7,2.7,5.5,11,76.1
51155,8.3,5.5,16.6,17.3,52.3
51157,2.3,1.9,7.7,16.4,71.7
51159,1.5,7,10.9,16.7,64
51161,6.5,4.5,7.7,20.5,60.7
51163,1.5,11.2,6.8,13,67.5
51165,3.4,6.2,13.9,21.2,55.3
51167,8.2,13.7,21.2,24,32.9
51169,7.4,12.4,12.1,15.7,52.3
51171,2.3,3.9,13.6,28.8,51.4
51173,8.7,7.9,23.7,18.2,41.5
51175,1.9,1.3,6.3,21.6,69
51177,5,1.9,3,11.5,78.5
51179,4.5,3.5,9.7,9.5,72.8
51181,0.6,2.1,0.3,24.9,72.1
51183,1.2,1.2,6,21.8,69.8
51185,6.2,10.4,26.4,16,41
51187,2.7,1.7,8.8,20,66.9
51191,12.3,9.9,14.4,26.6,36.8
51193,7.9,3.6,12.7,12.7,63.1
51195,2.5,7.5,9.9,15.8,64.3
51197,9.6,7.5,17.2,21,44.7
51199,0.6,2.1,2.4,16.2,78.6
51510,3.2,2,6.5,17,71.2
51520,17.4,12.5,7.5,27.3,35.2
51530,1.8,15,6.8,12.5,63.9
51540,2.3,1.9,5,7.5,83.3
51550,1.8,2.5,9.5,18.2,68
51570,4.4,4.5,12.6,17.7,60.8
51580,18.4,1.7,13.3,18.8,47.8
51590,8.7,4.3,20.9,12.7,53.4
51595,1.5,0.1,14.8,14.8,68.7
51600,2.5,1.5,7.5,17.3,71.2
51610,0.7,3.3,3.8,15.8,76.5
51620,1,2.7,11.5,19.2,65.6
51630,3.8,0.7,3.4,13.6,78.4
51640,7.1,8.6,4.9,24.3,55.1
51650,0.8,2.5,7.8,11.8,77.1
51660,2.9,6.6,12.9,20.5,57.1
51670,3.8,3.8,14.9,18.7,58.8
51678,1,14.6,5.9,12.1,66.3
51680,7,3.1,7.3,22.2,60.3
51683,3.3,2.3,2.7,17.5,74.2
51685,7.1,2.5,1.7,16.7,72
51690,6.3,7.6,13.4,16.3,56.4
51700,1,3.8,3.5,14.5,77.2
51710,0.4,3,8.7,21.5,66.4
51720,1.7,5.6,8.5,15.5,68.7
51730,3.4,3.3,11.6,17.7,64
51735,0.4,1.4,7.3,21.9,69
51740,0,1.9,12.2,22.5,63.4
51750,7.5,4.5,11,17.7,59.3
51760,6,3.1,9.2,27.5,54.1
51770,7,5,8.8,21.2,58
51775,6.4,3.9,6.8,19.9,63
51790,2.7,3.9,5.7,15.8,71.8
51800,0.7,4.8,17.1,20.8,56.5
51810,1.7,4.1,6.2,20.2,67.8
51820,2.7,2.8,4.9,18.6,71
51830,0.5,0.9,0.1,24.9,73.7
51840,2.5,5.6,3.2,27.7,61.1
53001,7.7,5.1,7.2,7.6,72.4
53003,1.4,2.9,11.5,32,52.2
53005,8.4,1.1,6.4,8,76.1
53007,6.2,4.8,2.9,29.7,56.4
53009,0.1,0,2.8,22.5,74.6
53011,2,2.1,4.8,17,74.1
53013,8,3.1,7.9,22.3,58.6
53015,4.1,2,9.8,21.6,62.5
53017,6.7,4.7,4.2,27.1,57.3
53019,8.2,6.6,8.2,20.4,56.5
53021,10.6,1.3,5.9,6.9,75.3
53023,3.1,2.9,8.5,29.2,56.3
53025,3.2,5.2,10.8,14.6,66.1
53027,3,0.9,8.7,21.3,66.2
53029,1.5,0.9,6.6,15,75.9
53031,1.1,0,6.4,17.1,75.4
53033,1.6,2,5,19.1,72.4
53035,2.4,0.3,5.1,13.6,78.6
53037,3.2,8.4,3.3,17.9,67.2
53039,3.8,2.9,11.3,28.8,53.2
53041,3.3,11.2,12.8,11.1,61.6
53043,1.7,8.6,2.3,10.8,76.5
53045,1.1,2.4,9.1,15.2,72.1
53047,4.2,6.6,7.5,19.9,61.7
53049,8.2,1.6,12.8,6.3,71.2
53051,2.7,12.2,5.2,21.2,58.7
53053,2.8,5.7,10.3,20.6,60.6
53055,1.5,0.4,2.1,22.9,73
53057,3.5,9.7,3.7,17.7,65.3
53059,1.9,4.8,9.2,8,76
53061,1.7,1.4,5.6,19.1,72.1
53063,3.3,5.7,8,15.1,67.9
53065,5,3.9,6.9,25.7,58.5
53067,2.2,5.1,10.9,13.2,68.5
53069,4.5,5.7,7.9,16.1,65.8
53071,8.3,2.2,6.1,19.3,64.1
53073,4.2,2.8,6.1,12.2,74.7
53075,0.2,0.9,4.9,31,62.9
53077,1.2,3.5,6.9,14.3,74
54001,9.2,3.1,7.1,28.7,51.9
54003,6.5,4.9,19.6,16.6,52.4
54005,9.7,13.8,9.3,19.7,47.5
54007,10.2,13.1,16.7,20.2,39.8
54009,6.7,11,19.5,19.2,43.6
54011,9.2,9,15.4,18.6,47.6
54013,8.5,7,22.7,21,40.8
54015,9.8,9.7,16.2,15.2,49.1
54017,18.7,1.1,7.5,30.7,42
54019,14,8.8,22.6,13.7,40.9
54021,14.1,7.6,14.4,23.6,40.3
54023,10,23.2,6.7,19.3,40.7
54025,7,3,11.3,23.3,55.4
54027,2.1,3.5,8.8,23.6,61.9
54029,7.2,12.8,15.1,19,45.9
54031,3.9,15.2,10.3,23,47.6
54033,13.2,2.1,7.1,31.9,45.7
54035,11.1,5.5,9.7,21.6,52.2
54037,4.1,3.8,20,16.9,55.2
54039,14.5,3.9,6.4,14.7,60.5
54041,16.1,2.9,6.8,28.8,45.4
54043,9.1,7.7,16.4,16.7,50.1
54045,8.2,11,11.6,24.7,44.5
54047,7,9.5,18.9,22.6,42
54049,6.9,6,11.1,28.1,47.9
54051,7.5,9.5,7.7,25.6,49.7
54053,8.1,9.5,19.5,14.9,48.1
54055,7.6,15.2,17.4,10.3,49.5
54057,3.3,1.6,4.2,23.4,67.4
54059,8.4,9.3,9.3,17.2,55.8
54061,4.6,7.7,13.9,22.1,51.7
54063,4.8,6.3,11.6,14,63.4
54065,2.5,8.5,16.9,25.8,46.3
54067,6,8.8,16.6,14.3,54.2
54069,10.8,6.8,9.2,24.3,49
54071,6,14.2,12.8,21.4,45.6
54073,8.8,10.8,17,28.7,34.6
54075,7.5,3,17,22.7,49.9
54077,5.7,2.8,8.7,24.7,58
54079,8.7,4.8,8.8,18.4,59.3
54081,8.7,8.3,25.7,14.8,42.6
54083,9.8,5,14,26.5,44.7
54085,14.1,5.9,18.3,26.2,35.6
54087,8.2,2.4,19.1,21,49.3
54089,5.3,10.4,16.6,11.1,56.7
54091,7.2,3.2,9.2,28.8,51.7
54093,10.8,8.7,4.8,29.2,46.5
54095,8.3,5.6,13.7,27.2,45.2
54097,13.1,3.9,7.7,27.8,47.5
54099,11.1,11.9,18.6,16.2,42.3
54101,6.5,8.3,16.3,21.1,47.9
54103,5.1,6.7,8.1,27.9,52.1
54105,11.2,5.9,21.9,22.2,38.9
54107,9.4,9.9,14.9,27.7,38.1
54109,7.3,9.8,17.6,24.5,40.8
55001,16.3,18.9,22.7,21.3,20.8
55003,7.8,3.8,11.8,36.3,40.3
55005,13.8,16.3,7,25.9,37
55007,6.7,3.9,10.7,39.2,39.5
55009,6.9,5.3,18.4,20.8,48.6
55011,3.9,10.6,17.2,26.9,41.4
55013,9.7,16.3,8.2,23.6,42.2
55015,6.4,10,14.1,33,36.5
55017,5.9,9.8,18.4,24.6,41.4
55019,16.2,14.9,15.8,14.6,38.4
55021,3.5,7.3,8.2,22.2,58.9
55023,20.2,3.3,11,15.8,49.7
55025,1.7,2,9.2,23,64.1
55027,11,13.8,16.6,20,38.6
55029,2.1,3,5.9,26.4,62.7
55031,4.4,4.2,9.2,32.7,49.5
55033,6.2,7.6,17.9,26.6,41.7
55035,4.2,7.6,20.3,25.5,42.4
55037,5.3,7.3,14.3,23.8,49.4
55039,12.1,15.5,15.8,24.4,32.2
55041,8.5,5.3,16.2,21.5,48.4
55043,10.3,10.2,18,16.6,44.9
55045,9.2,8.4,11.9,26.9,43.6
55047,9.2,12.2,18.4,11.7,48.6
55049,6.5,7.7,9.2,33.3,43.3
55051,4,5.2,14.2,24.8,51.8
55053,2.7,10,14,32.9,40.4
55055,11.4,9.3,9.6,17.9,51.8
55057,11.3,12.4,18,23.2,35.2
55059,7.7,8.3,9.7,15.5,58.9
55061,3.3,3.5,11.2,20.8,61.2
55063,6.4,7.2,7.6,28.9,49.8
55065,5.6,9.8,19.7,25.3,39.6
55067,8.5,10.2,14.2,23.9,43.2
55069,10.1,10.5,13.2,20.4,45.9
55071,17.5,8.9,25.9,13.3,34.5
55073,12.3,13.6,16.5,23.6,34
55075,9.3,10.4,6.6,25.8,47.9
55077,17.4,19.1,20,16.3,27.1
55078,4.2,10.3,31,24.6,30
55079,5.3,6.7,11.9,26.4,49.7
55081,7.3,3,15.4,28.4,46
55083,7,8.2,18.6,21.5,44.7
55085,5.7,5,15.5,18.6,55.2
55087,8.5,12.4,13.5,30.2,35.3
55089,7.6,11.3,9.1,30,42
55091,7.1,5.6,19.8,23.3,44.3
55093,6.3,9.4,14.4,25,44.9
55095,8.1,11.3,15.4,25.3,39.9
55097,15.7,15.9,21.5,18.8,28
55099,5.9,8.1,7.9,15,63.1
55101,6.1,6.7,16.7,19.3,51.2
55103,31.2,7.4,5.5,11.6,44.3
55105,2.3,13.9,9.6,27.7,46.4
55107,9.5,13.5,10.6,16.8,49.6
55109,10.1,10.2,8.5,34.2,37
55111,6.3,16.3,11.3,19.3,46.8
55113,5.8,12.6,13.3,25.6,42.7
55115,5,12.1,35.5,18.8,28.6
55117,12.8,11.4,17.4,19.9,38.5
55119,20.1,16.5,9,12,42.4
55121,2,12.6,8.5,38.1,38.7
55123,15.7,5.2,9.3,24.4,45.4
55125,5.1,4.7,13.8,23.1,53.3
55127,11.6,14.6,13.7,19.1,41
55129,8.2,16.8,11.7,24.3,39
55131,3.1,14.2,22,29.8,30.9
55133,7.1,16.5,14.5,25.8,36.1
55135,7.6,6.9,20.6,14.3,50.6
55137,10.9,14.7,20.2,18.6,35.6
55139,7.4,19.4,12.6,15.6,45
55141,13.1,17.7,21.5,18.1,29.6
56001,13.6,10,15.1,18.1,43.2
56003,18.2,18.7,12,25.7,25.3
56005,21.6,16.4,13.1,20.1,28.9
56007,4.4,13.7,8.7,27.8,45.4
56009,13.8,11.3,12.1,29.3,33.5
56011,14.5,11.5,14.3,19.2,40.4
56013,16,6.2,6,29.4,42.4
56015,20.1,16.9,11.1,22.3,29.6
56017,20.8,9.3,6.8,30.7,32.4
56019,18.3,20.8,10.3,21.6,29
56021,14.3,12.7,10,22.1,40.9
56023,13.1,18.3,12.8,23.5,32.4
56025,10,8.4,9.4,32.5,39.8
56027,16.9,19.1,17.7,22.2,24.1
56029,18.9,15.3,19.1,20.5,26.2
56031,14.9,14.9,12.3,16,41.8
56033,17,25.1,9.9,20.3,27.8
56035,22.3,11.1,6.1,23.1,37.4
56037,6.1,29.5,23,14.6,26.8
56039,9.5,15.7,16,24.7,34
56041,9.8,27.8,15.4,20.7,26.4
56043,20.4,15.5,6.9,28.5,28.7
56045,14.2,12.9,14.8,20.7,37.4